id,target
ZzBoUzhRWTJiUklUSFBmcvePB0mj6gXu4ccgO4D8tMY=,1.0022370117799442
ZXpMMGFkckZKUFZnNFhEcfpxtvUkXw8MT9SmZ5QMSFM=,1.0053332826594
ZXFvRUtCbHprNEFwTGhXeUW2li6mAuKkVtInfU/eHx4=,0.9998741237994265
ZWNKQ1lnN3BPRjBQYXVJZGd7qzqw5/wqaNJYFL9R6Yc=,0.996849556062204
ZWFmR3pOWHlpN1ZUSE9Tc1793NyktdlYX7cTbSwf8no=,1.0001902431885676
ZWcwdThXVGJSN3JGQjlQY2lN1B6FIj6JoFhdeCXYUx4=,0.9961437959774091
ZW9IYjI1ZFB0blhUZnlXUf3oJEi+9Rv3nHjbLx6HlG0=,1.0044771661205876
ZUU4MVRaSU1jdHFESFZ3Qvpkd4iW9jQnRnp5rQ4wtV4=,0.9967220962635788
ZUlKTDdpRmtEQ3FWdnk5cHEkui2Q2VWIe6YRxOp9a1c=,1.001877534087126
ZUJJQTYyczVEanlMSE9HSo0Xbf5PmeF+hkZ06M28UN4=,1.0004338275941418
ZU5wNFlVZmJvQnoyeXh3S4NQV4pWSLHQx8rwJYcG0Ws=,0.9977141715397927
ZTN3STIwT0p4N2dSdTREb4efWUCsX60tNf+BAV+fACU=,0.9967258884162313
ZTM0SHdzamJUdkljbHpTb640RvkSi/MzLrDv4juTLnA=,0.9944467641265815
ZTgxZlMwdWlBN3ZCZ3I0ec4jWIAINgE8My0DU6dfnMY=,0.9975735572492408
ZTA1ZzgzVVZqbVBJMkdxazcmTvlPQOUb+xfXB15+adQ=,1.0011363377678768
ZnVqQnR3M2wxcGIweGdjWRY3vhicuf+4Xs3EwGlCHRQ=,0.9980330889933204
Zno5ckNoQURTYTJURzhJUutZuKco28qIFT5w395E68s=,1.0050609290059573
ZnNoUmlXWlNuWTkzWDB4NfJnJGm/0tjJ2W2YJp8MwvI=,1.0054237793836416
ZnhTUnV5cFpGTHZsblBRd2m9o5dhZ1nHsvCZllvT+w0=,1.0045424355153876
ZndGVGVYTEhxa2wzSW1nNLgoofx1LIuv1aZLYV+REUo=,0.9938203390539796
ZmRrOTJWQktGQ0wzN1NJenIHrDunE+WQyR2jE8nc7NA=,1.0006382470723463
ZmprUmxXWGFjSWhIMm5GStOmWQUckZ6WNWIyg+CU5vE=,1.0014659807659763
ZmJ0d3hQeVMwYThRcE5Ga/aoR1Ix/fku8PjwsAKh6AA=,1.0032765253168359
ZmhJU3JYRllDVG1BcHZOVruWM4y8uR3Zq7Us9g23pRE=,0.9976921087166086
ZmFCTDNqOEZ1VWJ4U0huTjZTtDZJuUVoA8zEFCp1U+o=,0.9961707027201714
Zm9LWXdxeU5QTGFKOUVRTXTKj/dJsZG1ZwNteS54EdU=,0.9996508965769426
ZlprUXdyNzVsQ285Ymh0Z+q5f5JVRybyz68rR8n3rKM=,0.998433384884712
ZlhrQTB1aENQckY0QjFWNtGYZaSGoC0jYX8MIg5GNVQ=,0.9970360164377001
ZkxBTTkwVjNrcVJ6bnRYSZZmJAW5mRZHz40LeB+dTgQ=,0.9988864978734401
ZkU3cTUzZDZ6YnVWWFNvVP6m3MUzoVy5RsH4iWFpnQI=,1.0062965489520461
ZkhwUTJSeVVDM2JhNUZBeueDzL/fVhKJm86ISU3dWw0=,1.0008103635507624
Zkd5RFY2N3BQMVN4S1JUWXu3khR1xkpjy2Bpo9r9FtE=,0.9998402545730795
Zk9JZWMwZ0hZdVJkbmtHd8c6QWs72ino8t4glJx8wD8=,0.9960229366422144
Zk55MlRia0JYRnZ1bloxbDav/C4PL0+A8kTilc0od5w=,0.9993907626255581
ZjN3NGs2eGxZcEJ6TEdWVw5nCqnosotxNw3RPZpwTDY=,1.0000269886404654
ZjlZTVhIY2d0MUJOejdsVjJ+nOV+3P2s9venBfrp7OQ=,1.0062912349362898
ZjJWZ2l6c0RCbENwclFLSEklbxwDisWy7oBpEH69Y5M=,0.9960641107425108
ZjJPS2hXRmVINGpFaU5BTVaAO+/YpGykoZVfMLiK9ac=,0.9999677985589189
ZjJIcTdUOGlsR3M5TDZhWdp5dzthX23uafyzDOgG0hw=,0.9978110034366077
ZHV2THFZeVBqeGNURmxWaJh9ADxchYdEuK7WMIpOf5I=,0.9902465242443088
ZHNORUx5OGd4OTRybXRKN/kZRPELaJ4IBXDhTz9IbvE=,1.0038786616652275
ZHlGdllBa3d4cDBTSlpuUEJKhdneMr4eE+ePptcDWXU=,1.0002430435404401
ZGxFY29VQkt2MlZ3U3J0adXMCz0MxyfyC/6Gfk6tPkU=,0.9961109897987522
ZGtDY1BXTmYyczBlaXZiNOm6z2Us8rsRgqVcIN6KRCc=,0.9985034633934704
ZGNBTlRIZXkwRjdFWXFWOSqkkU4UhXn8RRzI+ijQz+4=,1.002803294971806
ZGk3SU94RDZCOFJOMmN5VL+0bgNf/cCW9czWJizrQwg=,1.001994540075646
ZGc3ZmVKWHdvU004RXhWYhHjvq331w3w2DWii+mlXDI=,0.9964287867829259
ZG96T203RVlxMGdVYWVUQW5NEB5PAiU3FKbERWElv0w=,1.011649365429633
ZFIzSjY3ODlXVjJ3MFB0RzYlmJpXa1HUVVPurnFSVg0=,0.9990009647357176
ZEZZOG1RMWZIQk96cWdqV3Ij/wxBr6Q0lIJHcTq0lUk=,0.9949102567515264
ZEZScnFvR1FUWWE4anY5QtmHA4sCneZReXBfjLy9MWg=,1.0033797770839288
ZExTc0J6M1FhV28xUndqWBjlactKFAPBcwxWQPhBzVk=,0.9945617163916356
ZEVEbDg1T2pJY2ZhazR6dTAEqeD+EobFbu1VY3/e5YQ=,1.0008074313056132
ZEJsRXp0Zk45d0w2bWtnNyQxhjetSl2e7h6JqL94kkc=,0.9965149095614301
ZEI4bWg5TXdRVkpsSHpFNU9EHpjsIPIbvNRSA9HYI3Q=,0.9971981589066654
ZE5aZkM2RnNYNFlIS1RPd5d7OgVHUrkGkkVjSa11zzE=,1.0099644891598238
ZE1wZTdic0hrZ2NxVUNCWLX70Dq3MzL+EG6myJHLr0k=,1.00024324195383
ZDRSbnR4NWtvVXBRVlhEN7uRBPw4BSCs2o8gJMJUN+A=,1.001033343807752
ZDNsaDBuemk3SHFiNjJDeMZlFj/KK8pYE9YxXqNmvXA=,1.0000477957554896
ZDh3RENMQVJLakloZ2FtWP/iwP0y/OEiD91oRepxzIE=,0.9983265707750146
ZDBhSG54YmZDWHdoV3FSWfgNzmIUl8RtaXDBD8W7Gqc=,1.0072403281604956
Z3I0SG5HZURrQXVhOENCMsy3fvMJee91bkk6n5LSXd0=,1.0026487503931591
Z3FyNmRaV1F3c0p4Y2hMQp8DH/02YhbevMoHcIIgX/o=,1.0035601404013457
Z3c1TGxZTm9WY1M4ZHJBYhlFS1srNTiJFKsSFknrXTE=,0.9989311258512408
Z3B2Mkh5Y0lkVTlDTURRZTyj5SCUmDMGNCHXmwYCQW0=,1.000355372943953
Z2tIYWJENU9XZlpNQUw4SmfIKZ9i7FasX5A9WXfZRtE=,0.9971350175968617
Z2s5SUJEY1N3N1g1c21XSIyj3SKLHLqkb8J6AAffkBk=,1.0003130963017648
Z2RVTmhNYUJ2OFNqZndsMAnaOPpejjTmdh6sawMEGDg=,0.9967000084698774
Z2NBZkUySXNSS3lONEhveCLJJekWxPdA+6q30P0Su0M=,0.995682434237347
Z2lYbkVRb095SWpMc3FOcpUQy7QhR7+99Qveg78pTu8=,0.9967898735035639
Z2lHTkRTS1VzckVQdXFmb0uPtNTAnRTfE1HNQrnpJIk=,0.9974309367716158
Z2JqTHV3QnFNMVZmaEd2Nxbj4MAZL6ozHciUjQ6nMOc=,1.004529961927137
Z1R6akN1OG1ZMHhJazJXbBJ0+Rc0dIK8CvIN5nMqRt0=,1.0037294804172727
Z1J4RVZpTndVa1A4WDFtSXOTM6I5KIlUM0YYCCdSqvc=,1.0031682478048984
Z0kzTkdlZFlUaXJ2YlJBdNT3u9ldhTk2RExbBoWKeZQ=,1.0098855161537015
Z0JhUk13aThidVlIRWNtV5zfmIlBO877tkpWK2152ik=,1.0040795283010135
Z0gwNEw5MnFLZTdEeEVwdCbMhGxJdi0VWkNostwMvNQ=,0.9951601499480268
Yzl1RlM2T3BteGg1eU13SjgWX/BQ1d2FHV2G3Q5xr28=,0.9959430820038163
Yzk1ZEhoSnZPSWkwNENMNp5VhgfoRaeveKKe0GVgZN8=,1.000619220519541
YzFmbzZpQndJVVAzcXBTdL8ACZfIIJWhvtUgp9nL7uE=,1.0005663669542246
YzFlWmtoMFgyUnhUQm45bBXJeI7J9RIzhlGN2UbUvJY=,1.0100424861402413
YzdLU3lCRXNQR1lqVmZMb2CztPtBnBc7Nj6h2REWck0=,1.0034270789120743
YXNyUmN1VktVV2dJSHZsdwFXvmOX4h3ysVvt6oeWR0Q=,1.0055042522923952
YWt6VTFXb1lwTnRtUlBmatTROklnsy+ciBgUcv686Jo=,0.9960717792226523
YWNyTHloYndwS0RGbmpmOX3Y1WU/fFYCL2z6eLhkIBs=,0.9974654313506522
YWM0alg1ZnJKMFNPVEI2OBT3x0zDnycMO44MIiy8EUM=,1.0006854136459333
YWhWSms4MzFOd2ZiNlFXbEiVLsggwVnBzzYfSlar+qo=,1.0029762306642895
YW5EcEV1NzhGNmRpQ29VaEB9QeHIIeCRhmR8DcM8zOg=,1.0065160203179457
YW1OV2NiWGQzUFN1WWY0RGDeQ4jWqP+JCfN7fSxMhCw=,0.9950067605303593
YVV6a2dZRWR4ZXVJU1RHWH6gZOSME1caj/waGvT7xB4=,0.9951037111086262
YU5oYktUNTlIN3ptRzJsV/CDs91VCF6b9CAy117KfLw=,1.004945291439082
YTJRY203cjNBczR5VUowZyQG8rZeNrmZWRDqc6T2ErQ=,1.0054882797003524
YnRkRnVydjZBQ1ZQY29aNLcMVLOUe1oi3ouEQ1/xjww=,0.9940722011826827
YnpnNkI1V2o5U0l4Tm1mcbf9eLB3Y5e/GRsdMJ0awbM=,1.0009878672608608
YmZEMTRkRVoyWGFuUVlwTYvL4CUNTD3qfoH2b5RDVa0=,1.005340950263789
YmprbU9QbzRHSlc3MlNWbljk0cNNar/f1WR+RQ0WlpM=,0.9885360575039972
YlltNzJOdWRVT1RScmpBNoiaP17I+qElnZ6EjybOhI4=,0.989889841847369
Ylg1N2poeEVIMUM0VmV1Y3CbD7TOR5LaRJ2XrEnf2lM=,0.9951611124472614
YlFCMEE5TmhLelNGVDJzN9ypoGhXOFv/zGU389B8c/I=,1.002073894905766
YkNKZUt1VDFjVWF3OHFkUAXzPN2YT738X5xGj9GdD80=,1.0000806721489028
YklIQmRYaUYxV0RDdWtuUN0NM9ZyF99KYap9hCDxnzs=,1.0049993516273479
Ykl0TzdvMUYyOWdNRWFlSh8qKgc3N7KcrVLsAnvL+fI=,1.000774527097071
YkkzdFo5aDY0TFUxQnFXbIccIyMCSbCPJUNHY1ML8qQ=,1.0024499981981303
Yk9zb01WZGVjeXVqRjRFeEHWcvzXPHBMrkR5uMz9e6E=,0.9998920175591489
Yk5rOXFnUExWakJVZjhUWj+G6gFbx5QTmB9f/oDc+IA=,1.0012687147427917
YjUzMTdxQURaeEVoT0tNRqkeemQzisWFoZF/yNNpZ/M=,0.9983535970676378
YjNZRDhvYUp0eGtDZkVsd1MVgyC6WjDUwPfJrOe4iLk=,0.9968418124045673
YjhvbnNobFcwVUROVExtaXx5xRnwZM/LqwIBHqX8OLU=,0.9979081345906736
YjdndzV0UGk0WXhOZUtTZsjSMhanhmPMfgJNdEBD/bk=,0.9977101333340764
Y3VueDJQZDdmd3Z6SWI1NmeQEqve0xC4FczYcT4/4bo=,0.9942348214740313
Y3F2WVZwSm94N0l1RWRDS/Kw4OhzMQS/31rebSVnUm0=,0.9941303164335631
Y2ZJSkduQXRXcnNFdzFGS3LVVplPSzh2EFSaUYzIvhI=,0.998598634775612
Y2oxOUZyZVlQU29md1I4S00SHhFIL5CveoZGIXk9LSY=,0.997429086141693
Y1ZEYU5ka0F4bUNvdkkxVKSk8OZmLArpm9DV6JkzDOQ=,1.0042400200049268
Y1k5MEk3cURYTThyczZmQtsjNLQyEXYnsmM4DBAxfGo=,0.9999381717015862
Y1hpNkFoVU5vMldtclFPdorI4wyWsAzPz0OS7T9R9u8=,0.9984206597904728
Y1E5WkVMZzVlNmFXMFJ4bLc3jrc/uXQkEXi3j98qySM=,0.9970537030789838
Y0YzQVVnaGRpRUdJYjk3UVzK3L6hAz5oAk1+fyVCAP4=,0.9942898156902593
Y0xzcG1iSzlsZFhQdk1nQkIq2knIEOOHrZ83Tuy/i4c=,1.002620009916415
Y0lYbUhFdENVUDVNRmdyRBPbIiupMvI+BFxeyTsgxu8=,1.0004054740047348
Y0FJVEx6V3lsM3dlb1pmUCQwDTxCshnjKSSmUHtVFtY=,1.002965019675689
Y09vdVJOMmpIbE02YXN4TKky6Y5kU11qSl/FV5xdyQQ=,1.0034304601834336
Y09obENlOVBOYlpZbUhqQrNgLABLOoryr3KRI7htySg=,1.0001742279728838
Y09GOU1rYlEzbTVKdjZLc0ASk5ylRxWV9e3jsK9QzZY=,0.9983245364224559
WXU5Y21FdkpLeWZyVUxkNMKKiyLw5CY/fXP8PITFl5o=,0.9984176947992484
WXh5c2s2SkFxZVZkVWNDRfVgSSy0iUkfkVtWkPV4c/w=,0.9977518329544969
WWpwTDQ4dlRGeWtyVndPTsSOhp1AC1SAG8m8n8sAF4k=,0.9993088966797166
WWJTMFdWUEJxeG40N21zckyI2fYW4MOORmsv6PuIW+0=,1.0077769183819598
WWhrSEtKTGZ4RDcxbWw1NIU8qwHmYTJ9ccsW2bpPkbI=,1.0035198780596768
WVgwUWNPOWJINHVydndWbJbVh/cN7zGoBiRf15EHt0Q=,0.9932118813629514
WVc1dzdSUTNhY1VQemZqSobzjxOQj0Pqw2x39TuaI7w=,1.0040305519282673
WUZFZWJmeEM1OW40cnZHUk/KZcL98YdZUc0STUuQwVg=,0.9974153032255855
WUUyeVhrRGxKcnc3S3pOML4mnap/VgIvbzKG7nr6sG8=,0.99732422423192
WUs3UXN6NGRISmdhcUFpTUeqYlgWeVHwmDy7QkUo3IY=,1.0060873280985
WUcxT2txYWpmUk44cGh2MvC8uGEGBbORjRj+jsPK7Z0=,0.9990814125326747
WThxcGxWYWJuS3hnRkQ1U2z61m7/ug4QJhxHLbbb3ws=,1.0014850086670346
WnlVMm9ydXB4WGJjTkh3VvT9rHQBYCG8l72Ct+ra2YI=,0.9958054274436995
WnhRZ1NUempmblJPUEk2S3x7Qw+LGheCD+I7AiwBDi4=,1.0050317677733334
WndXZTVMdkhLeEZ6akoybOrv7eUH3KfO9k7bUexxWzg=,0.9987257618036655
WmI0ZTlYOElNTHNseEVQa8L2+ZbDjIavtA0a5EH7EG8=,0.9888831245740359
Wmd1TmxtS1FSQmpKYjFvU3Jhdze9rCBqd1nG5DxZ4t4=,0.9976679977651485
WlNwZ2pWQzUyZVEwOXdMek1Uz7UbH34H6fyh7DnJSIc=,0.9968127981382606
WlJ6c0tNUHRja2RqVUpUMjEgBTjcL8YdKk6Gf4tt2qc=,0.9937631149337574
WkZSc3dZUWc5Y216VU9yYsE62+Yx4X/zA6H+UUHIr/0=,1.004270572918594
WktCSHdEQWJzOGk5bTZrUqkFOAE5QNZpNh/sKPkSaWg=,1.006152013824564
Wk5qRTUxRDhJbm1wc29mecuhaYMulPpa1r2anC+0mU4=,1.0033881717140718
WjBITWhXVFlicGQxRXllUhh9RyU+YRTmcjRYw3vzdNI=,1.0010104392617174
WjB6MW9kT1VGWXFTNnR2Qy8t+MFe41bKBGOu19f0u7Y=,1.006431914522415
WHVLd0dsWWc5Uk1GQlBWZRwcK+Whr+/kFcNNNR4rCwk=,1.003882676625109
WHNvVk9ZQlptZnA4NGhVSeOMuVxtW8yPSpkPb4SRANo=,1.002569827237164
WHFoQ3lBTmtZTGw2dkZQVAz73DFJDaDiNm16GLv9nhA=,1.0068725965220127
WHByOWpEMzZSQ2x6S2VMbyOB2VNnQfEh1IYQVa0rkHQ=,1.0054142103939705
WGtyaHZGMXM2TThJMDl5YSxHSZYHGG/xKJefAP0TxmE=,1.0028551816084077
WGJGNVFSRzQ5cDNyaEpITIDFfe9lY4h4ZhBWNAwLgqk=,1.0058138707890185
WGFzRm5wMldBVmtvdVRJWe8YynDHMZi9pr9t00UFtjA=,0.9966802941862151
WGdIMHViV2FsS0dFM3hBZd5jmEBsSD8k/owk+mtsFBI=,0.9982025558516869
WG53b3B5QWNFTnFMbUtnZoWpFeNo/IJYyFFeEDB6siM=,0.9940522661085011
WG1FbmRmS1Rjb3FGM0N4OUNj6jOtcAJG0P3mmw4DkTA=,1.0020480384919022
WFVkeDZMdWNuajlSWkFmaMDScYyNOV4gxyvSneUoLHI=,1.0072739955540881
WFpxdUhBZG1OUEowNGw2ZVId1iyvxelB3vaK6rPCT3Y=,0.9949511508352642
WFpCWWtlMGxxbXJzOUNnVqsM8v+W7qVAF3QcHeRVIFs=,1.0007903267894045
WFlLcEpmdnloemFDWmsxZI1C9y4WRwYI2Z61ubS/4eI=,1.0023862366769727
WFkyc01iTHBVMUlESjg0d3sqGptuAj3L+obuMDclR5U=,1.0114340020721821
WEJZNWZzV0FoQ2tHVjJNRBppuKDiAIt9q40ht4WVKa0=,1.0103711629210197
WE5qU1FDemc4NHJvQW41TYL8p+uOHXrGxbVKjPGoQus=,0.9998789562546074
WE04bVpEaWNCMXRzNGU2NQApqCiBSFD46TLBmhHkqB0=,0.9957086558262598
VzZWOFA0SGtJZFltSzlKM8jiT/D9c9ShjRkc7KrBFAs=,1.009855370988152
VzM0dDdFcjZUbGdQU3NBObLaq1wdJuVjKSy+uNhp1O8=,0.9935852734148629
VzFNbzQ2Q2xHdm1RM2pmcIaX2f/vw++QfTOzFWIGJOg=,1.0048255480011825
VzBLNnZSYTNWcmlTbE51bp1bEZWnwbNoWzSmDirICLw=,1.0050021590255585
VXYyRkRLSTM4Z0xZNkN3NLwQAMUGF14meXT0Gtkh9H4=,1.0033827574707352
VXBmQjlxZ25ES1dUMjZpRXCSm+XVI8AOj6KOog5xUZ0=,1.0063774703879105
VWUwREZicVZ3QTdyZjFjeQZbD4YyJ2JMfObKrigNy50=,0.9969622493219177
VWtpS3oyZ0FCb1N2bjFDNUT3X9PzTySI0YhCOgmtafc=,0.9988587758421149
VWQ5Vk5aSzhhdWg1ajJRSBe1MprfLIw8Dbj3y/FeLnQ=,0.9964743734795752
VWJtNUtpT25wSkZ2N0lTOSd5QrhPJeFAbhpA1X3ligw=,1.0076997120655693
VWhQVEVPeE43Z3FBYmFENRk+vXKpqnZktrnrcUZT3VI=,0.9962617684031412
VUZERUFpNmQyZjBKcnNPUovAAxT+vQxsFMe/fw8t4VM=,0.9897738307045769
VUpjZzRFaXdvSFh5aHpmN4go6QWNNxmoCemy9BMAizk=,0.9951156720217359
VUlyT2QwWmpobHc1V0s2R7z975iR6CcOeaYp4sIIq3Y=,0.9984110270727743
VUhWV1RLU041ZDkzaGlZcPdCXUBxS/NeFww+l1I5rP8=,0.9977488044789403
VTBCRFd2azNqejI5b3JDRcmzItFg8eqBrLuzEaKQr9Y=,0.9915894015713671
VnVKU2g1Z3d2RkFqS1cydAvEn97oQmEb/SXeG2ihv2M=,1.001786889930856
VnoxQkZ0YjNJc2hHMmNBUxTL+LSWhDaLPV2HI8NV1zE=,0.9989618282671429
VnNMVzloY3FkSFE0WTZwM7SS2cYpWEqkcPYjx2aZeKQ=,1.009290885576769
VndsQkVlY3l1OXNnTUFkYhFR3PJGzeTTLehj/JbjM88=,0.9948394956602666
VmZyWUhCRFpGb2JqUXdMdbliPhAAy3BJOTVmPXMkRIo=,0.9954308111447262
VmU2NXhBOElUMVVLeUZROdNdkxpVPn4S+OqCCpxYcrI=,1.0000406802348927
VmdyN0tIRTZodlBXRnA4OW6FTw+RJ2zgy/+g8ZSxwOQ=,0.9980466281862242
VldpT3owc2dZTG1QU0RxR/6FKCUXOkUVnUTYEzlYhXI=,1.0080829604536694
Vk52VVhFb3F0OVJUNU0xQaGwhXaoVW09PLwcDSki//Y=,0.9977891131959669
Vk4wMkpBeWdzRGJTY0wzSYouSCd/+tyHTpjm0AVtr+I=,1.001963272713499
VjZuZktySUJ6OGtOZGdDMbXzGiBBmFqGwOOxTDkHp3U=,1.0056451384755003
VjZobWk3a3hVT05zUTJUZVwF/RpllAiIgH61fDVP2P0=,1.0011088377718058
VjhQM2FKZElwTzJZbmNqUjUxDwu48DkvotSZtRYDoaM=,1.0019162619042874
VjBIak9GOGlXa3BCUWRYYQnDlW934leAUq6b9Mco4c8=,0.9982886857137097
VHNYMU51MjNRS1BNd0JMVb4nTLnRazsveVQpgZUJxjQ=,0.9965251613307445
VHNvcW03SHdLZ01CajIwUAOJ3XuMELg09v6qMYgjwvk=,1.000936125070748
VHIzU2wxY2FFOEZxSmhRdTyFsx0qgeinJzHMcnwPnvs=,0.9990151067463103
VHFMeU1LZGZObVhKMXpIT2OCnewh0nkx9nagb9EKdyU=,1.0054866431139589
VHFlanlwdHVQTGxSTndIVhWx+RSR1hZFfjzv9/n+3Bw=,1.0068824242332102
VGZHUnQ3blVlZ2lJNXdyWBYVYzzpmA3qBhcuVelnPzg=,1.0028696946397155
VGw0bkhJb1V5QTViSzIwUc7KfUAKonlO4Q3xaSz0D0g=,1.0024796610072606
VGtscE92eU5pQVJWS3U3ZzgmefMSZWp6FHnzN0dmejg=,1.002115549369344
VGtQRVhNUTh0MjlPVkRTbBaoiFApUtrXJyAvtSWv788=,0.996105165421288
VGtlcHptUlhXQmdvdVVWcs+4Ej2OxDY3ah5wkXEsscU=,0.9955490043464891
VGJ3T0VBN1kxY1JHbVdaeqh/ZBr2fxw3hY+d+3W+JA0=,1.0015528207671907
VG5wMm04dkhHSWhKNmNnWmM5vrTc5w8J04dJq4++27k=,0.9973853662666571
VG1Wck1zcTVCek85dDJnUzDG7Z1Hv7LwnGqzOfCj17E=,1.0014312065588142
VG02SXZDZlVOcnRhMm9IZd8UayB1N45D2xGT1tbb/yU=,0.9930684502254403
VFpqTXJueVFHWDZwUGxSMdODMWFKbPsdHuA+fXxLRgg=,1.0031820274016172
VEkzbFhBbmk2Y1d6b0xqUaHKqZikJq4LX++wm8Y5nRU=,1.0028588893360868
VEcydW94cXQwZk1QcmVTYd4Bq70Hwhk8cz9ehhxhqLU=,1.0082268035581088
VE1GT0h1M0lYaUNQbWZ5ZKRum+GMTVDPvb4yt+9aYKU=,1.0063598182841575
VE11b1BMUmFzY0dFVTFucmv7glAxnUfB72FIHfyH1vQ=,1.0067042413098946
VDVuUzFEWXhGdGdzdlA2akAXIAJlVjlPXI7iuBkfq4g=,1.0093485912395157
VDhxS0dVbjM1aWhiZldPNHEcKoQ2hDaNJwJsbrBbpLo=,0.9948033496591198
VDFIVjd6aFFMQklXRWdwRIIMGu4vbed1scpl+yqLWI0=,1.002202309051087
VDEzbVZPdkRxNUpVYmk3avwYcbERDCU1jD9cOJ+CLyY=,1.0045767201587723
V3RNMUFJTDd5NTBtT1JYamZdMvPL7gpB309NnLXff8k=,0.9987075982515585
V3pBNE1ab09ZOWx1eXNqMteVUUFQtE1OudROAh7utCc=,1.002988748078212
V3NHSG15NGIwRmEyVVZTatKP+ocz13Lye+F++z9rN2w=,1.0050550562422182
V3MzREhTTTJRY04xZ0ZPRV1v853DyyEjJbYwflHZOzk=,0.9905103070332562
V3k2Tng3dTNzMER3NWhWaqkCYOJD8zMbf3jQOolq2c4=,0.9966178145681057
V3JoSXN6QTU5dEVWWkZ2be1IgOHLWnZbdGr/k+2Jmh0=,1.0030833747040944
V2M3SnhHZzB2VmxFcXdhMR8EyzMOp2ZGIazkzwgv3s8=,0.9996488411781497
V2lwUlh6bGZUZVFvNXc5SaZX0Jrn/xOyknX5HiWMDPA=,1.0020270651733898
V1NRbFRwTkNBWXZqSlVMdXvO1oD2OgeaSf7X5EABkAI=,0.9993060908363217
V1lDZjNKakk4UE1zOTJiVDNbAjkCRteD93+LuTAgeuw=,0.9982094248913918
V0w3RFRteTEwU2F6YlA0SdZmapzaOh61qNLf+SFtf2k=,1.0017308793308153
V0VSMk41clhBd29tVVQ0TWNk7lbQl5CMSCnIR+ih5y4=,0.9939463483567855
V0RZRW92Mk9HMFMxNGNOaXQwDP5b7DdqjInIt1H4cNw=,1.0024581027318096
V0FnWnc5bzB2M2xJRXM4T7H/pwtSEmmwbX4pOHwYmiA=,1.001721576438225
UzVuT2dMMWZHWGhQdHhyUV1GFziH4Zwk7rlbYoLUMy8=,1.0044475574711473
UzRkMnZjcnU5c3FSMFBNWUC1p/JL5ZNOOk5iZXp0vAw=,0.9993486749176451
UzJmbkdMUVlXWlRhSHJjQYfq7pJp4slKgxZ4D7dV1xo=,1.0057079369645117
UXRUekd2NHNDZTY3bHVtV3fOZY2093Fljd+j4Pd6tdI=,1.0002431790299773
UWNZdkdmcUloQmlUUzkwM08+u7hT+LE12xREpr9RGek=,0.9984461254545989
UWhaWTVTazhIZGZsMUI3RBxkMR7ngk5+HEnDeKXndZw=,1.0100917586552136
UW1SeDlGWE5TZ2tEMXFBVtKGdonsklz9S9bDxe5HP3k=,0.9966550095877734
UVladXhzZkRrQ1hIcjR0TgnPfKVlU7NulDNVFBZfX/0=,1.0031999510894487
UVhGQXg1Q284WVRJOWpHS+uKwSYVBeyMsxBYR72eYnw=,1.0008465608480903
UUlvaTlCZFptWXBjU2ZYMusGf8VfE7e1yW5ajmJ0cqY=,0.9978737252942094
UUltNVlOd25nSGxkRExDdPK5KLZIOzYv8hZ+730oINc=,0.9933011358422836
UUJEcTZhd2dITzRoMDV5UBMv7iJhAjNUWRU7f15PlC8=,0.9990077630359497
UUdFbnVTSW9oVjBGalhiNzQDUOftJ90uzPGGrdiVI5k=,0.9961983342502285
UUc3Y3Z3aloxV1JNaDZ4cUf42UlBZujP2O7MJ51Zu2I=,0.9983831664176657
UTJaZHl3RXpBNnBMSHNLdbcBV4XujJuilcRS+J7R1wg=,0.9982809764195456
UnZnb3VGeTVBWk1WUFNHMn3ReQ99oyJBzWJnho88Qtc=,1.001922423823689
UnQ2Q2RlTUpMUWMzWFlGa8OSBdpBeD3Ja91LxmmmBFE=,1.0020974765097872
UndXeVY3dUdrSmQyVWpZM2vDY/bvWEDlS5G4L7IjxpI=,1.0019270965899758
UnBEeld2eVZhaU4xM3dUNaWPmTCPAx833kOY7IDIy7w=,1.0011584858624074
UmxJS1puRk12bTVjemZxV17U9r+juyBTvEShesJ9WIY=,1.0081422011272463
UmU2dFk0b0dkRU1ITk95U34zxgR3mOw38F1xT5iwXe8=,1.0049808450663382
Ump3QXZhWE9TZ3RrRTJKTIJUurE6eoPKlg63utfBM18=,1.0048986490475798
UmlIRldBSjIxOGJPRHVqR8lfNhOrT/I5Zs9IW0r4Z5k=,1.001998314378491
UmFsRDNUZjAxOXJ4Nk9CSg66amk5qymaXcBFl+CXtps=,0.9986016540710938
UlZFNmZZSVV5SHpEZ2xMaAiOlG2v1o/fA4eZcFVSBJU=,1.008621206873152
UlR2MFdCeWpBbllnMlZDUJfXw8TfXV9bDtX43FTCM6I=,1.0070381356852478
Ulh5TVo0SVFOYXNjcXo4bzyo7VyFE/0sgd4wrlOryxc=,1.0038811546957813
UldveVNjbGtNdHJOaVFtNl6ijLupX0lDePMAfWPtm/o=,0.9988096105276818
UlBVZFRLMzc1Zmh1emtWMffPrGz65vgHF82+N1/87U4=,0.9956637291947227
UlAxMFlFc3V6Vml4VEFlZPbdY0AyhXwW/6VYcHePtQ8=,1.0004774629567765
UkVLa24yN3kxdFNlekIzb9hiXA+BX3oCaEXiKi1QKFQ=,0.999313635182773
UktFWW1yMVgzMExRQklndZGRSmw/b8calbg6NfuJRhc=,0.9918198338973786
UkhnMFRKb0s3UHhNc0czbPvJKzMuWzr1eobkUF5nIGE=,1.000590108535241
UjZtb2VzSDBMQ0twa3VqeEOxtFdyVRzPeyLUCekF/Zk=,1.0007662481286381
UjZjRlo0V0RiVEJFT1lMZsCHwxw1qPoCsJRAR4xPxSg=,0.9957472237365638
UjU5Mk9QanBMdEYzbEhOVklRlRXLX2fqNS1tqQdM0TI=,0.995905088677425
UjN4OE1jV3lUWFFsSWs1NKK7egEt9e+rd86Q5ElzHzI=,1.0008687710931394
UjJoTEpGVWs1SzFIOVpxQm8ipmvU3UumHrVrUAl+woo=,1.0029586589553743
UjhYRDFndnBxWUtDZFYyTQPURQO1fgTBEYcBX4ivX1Q=,0.9951853462928656
Ujc2Z0JPNXZpbFBUd0lxTdC+cCXBYvUc+NB5+sunVKk=,0.9992453341251746
UjBGYzk3M1NDdVFCVW41ZS19KiEkTH41c7LoS4CtIwY=,1.0006977872454499
UHZNSkxBZENmMEszdDQ3YiboDxy8Qp9duP1Z4mVSChs=,0.9970318136959144
UHZKV0hvYVhUcnhBWmZiVk8iOVutW7WdusQ5mULyZaI=,0.9981095265060118
UHRPbXNlb2dwdjFaR2NhWIO4U1fKh78yuRlqtMJvvTU=,0.9959241973907371
UGZRc0g2bkdrb2FZSlYyTAuCkq+T1vbCB5KfnQHpWxQ=,1.0053521676850143
UGZaWWJCanQ3SVhVTVdtemgwVQUMF+mhzpl/SkI0Iig=,0.9987642835719367
UGNCWERmZVVhck5rU3hwV97L1pJHk7cF36WZ4rHmgn4=,0.9993184567192889
UGJxd0FtNmdlVDFOZDNKbH5hjRccTkkFcxmkJgrfiDU=,0.9993476512982936
UGhKQXR6bU5zTWJvdjZnRfBSReAru6+KNycpZEhnhAU=,0.9964959591334278
UFhZVzdTdnVxVmRVUlo0ecIt4Pxpy5m5Iu62Z5nzR/A=,0.9991438570244628
UFdmRmxwajlhWTZVR1IxM1yYwUlt6hl50Aco7jRJVis=,0.9975659290325419
UEVuTzdiS3hUdVYzWWZtd17vvWDwxvwQPPjJB8+NJzs=,1.0007208586142122
UEljT05tRXBUekxuOGJoeWRES4oL9/UzFRCDOfgJHoY=,1.0032032124498502
UEE5NlVRc0thUkIwZkxKWoL0W209nLVW6E3otg+CD2o=,1.0035073343355765
UEdidW5DV1FEb2g5S2dMdAypnLbCfxc7lz3WCYjaZrI=,0.9994285416881573
UDRwTFR4aDZpMmo4cWttUx3LNmEzFZOTfSr2IGKWHNY=,0.9961148594208038
UDBrVG5ONTlLYTFwZVIzSMAycEnMkjqGZaZ2ZykPnI0=,0.9995671553534515
U3N4VXJORmxEemZiUHFDRdG/2frr0G9A2/Tnp++bwCw=,1.0065357070434726
U3c1WlhyVGJZSTM0Z3FCV+yTAXMxwwSbpcfDOVqcV+I=,0.9958033295947737
U2Z0Ym9KWG5DdXc5a3BzRb8E4VOfXqsokpGECXsKFdw=,0.999929190635229
U2RVNTF6Z0pROWJoeGZhWGdJjrkXD4kSkLGDIiIuAEY=,0.9988610803334232
U2p2SGxNdFg3REowQmlWYbntvpWh6GytiNAMnL8AwUs=,1.0050205439156843
U2NGckdnZk1qcEVxWWViTF8AJbXITjjYW1w3b18TL4g=,1.0014154176736614
U2lFblk4Zkc1TW1zWjk2QX3cYaVjkdByBXug7UzX2rA=,1.0052205461084225
U2kwcUxjYkdWalBEQ0VaM+Bk9Jv08ptvRnLKg24pJkA=,0.999367815932956
U1VXWmpKdTM5ZEVMWUNpT7vlGZKLCQeiz1P3lsQQGTw=,1.0047173904343485
U1Rlamx5M2JGQ25KelFkc3FvEqUPjZIhbku7wyrixO0=,0.9947417470157616
U0Y5TENsMHRUTmFqNVI0Wl++ZLCX8ZJoD1aciS5dwb8=,0.9925786225267027
U0U4bUM0NWtwRG5VelZOUJh/csk+p4cSB7AnB998xlc=,0.9992988850002172
U0RDVGphMDE5ODJKa3F6UUEZVGCUnBkE3bJKHfGnS94=,0.9975620776145104
TzZrUlUxQmVXMGdHbkphelaqzI0HxVJraJ70Jbeia4s=,1.0003606130156402
TzVueUtqeHQyZ0RjZTA3MwQ6y54WRbHPyAuQPYR54Mo=,1.0113586679618904
TzVIZHdUR2l1YTdEaFhwcoYQeFJRngbzyje35wfEp74=,0.9981405769824703
TzRReGJtWEtEamxxNVVvTX3oIO7zsMD/zPrl/dFOrV4=,1.0032500510532516
TzNwVENTTG5lREZ5c2l2VvCttsbNIi3L/UqWR3fUTO4=,1.0036458712359981
TzlJNGJXUkhmTVF5TlU4TJ/n3w96XoyqeSKiBpaH9U8=,1.001978849601402
TXIwQmo5cWVQRzVVcFRBaXM6ogMPc52yobrRT8MZ5Fo=,0.9972522386614991
TWpOcko2ejVhM1ZubFJ4cewYghJ+GnYzEAwtnZ7v87I=,0.9962251159470896
TVI0aW5TQU9GMFBhb3VjNncL6jsQIkdPYEjq9GIkb+c=,1.0022062093400017
TVg3MXZ1Rnc1YzJnQ2FWcAEz3ckeeSfEicymKM9iX2k=,1.0043801662436214
TUxwQzZLUjJ1YWgxazdZc3QK7+afHLmVfXDJ8V5YeN0=,1.0052400582981011
TUtMdlB0amtteFdWM1JkeZOHP5+wO4R5etncSmrYH4U=,1.0011473720992978
TUMxdlB1aWc2NW0zV2hBMqhLUTxdjYOquSZ7+AmgZMs=,1.002835314410046
TUJRMjdMOVBnc2lFWFlUVRLVZACkfp8jbWKlz3palCM=,1.0057317424954078
TUhYblEzRno3WmRUcVNLZoILbQWYsAtNR/5ODybLKUA=,1.0051208133146943
TnVURlJJdmJpWGhRS1M4eHwkahTppz8rCvsRZdNZNgk=,0.9954347921995642
TnRuY3hMYlJDSFhWRUppa5HBUwI9/sKhmuAkE/HPAMo=,0.9983747788339984
TnRJT3lETVRXMEF4UW9pRV7Wmq/ZjVUSXwBqU9ffPVE=,0.9956943111461399
TnJCbTVZdlBYMWVHRVduaMTvoCPWGAjLCelhmPQggrE=,1.003088986155736
TnIyRmJLSEVQV21pWk1HMwzplqOGZjsdI3v3FKjrqsY=,1.001163110527325
TnIxUUl4WVJVY3VxSERaMJCsi0IIlC8GrIsBRXuLQ/Q=,1.0052559370398022
TnFaZFJoVTV6VkZKY0R1M6J0foWhfrnFDhKcVrVWzco=,0.9972315882595145
TmttN1Fob1NYeFdMRzF1c+fEmuRY+0EdHLhYShEWyfM=,0.9970860020296188
TmNwYlA3allBaUdtazNuRN8Q4WAy2L2Muxlrfk+HV7s=,0.9950758595949427
TmdiSVk5MFdtSDNjN09FRrgFma++nk8TX0krz6RLZ2E=,0.9920614778927929
Tm9sSkdRRmZEbTh4bkwwarGVayzbCtPG+Fh6zj8btfA=,0.9988001981519676
TlV0SGhzdkl3TDRkZXpBU4U+lYXF8n373uZJTpSCF4E=,0.9999199942729532
TlRKRkVNWlE5NmRoSFJZV/vuqi5afmH3VLdsDG3iwmc=,1.0061163635711887
TllIUDB5UWVCcUFDM3ZEVwWILrMp+87Ucc0vwDurRc4=,1.0069869148873012
TllGdXNLaXhxdFpoM2Mxar9I3OY3XHEKst3fLHkUKVo=,0.997652675524965
TlhMMXVoSkkyUG5rV2Vid/3VBsINegIcsls2u+LY0B8=,0.9980077492632177
Tlg4ZGxSQTlEdnhIN1FNc39MS9RQVisBKMOdAqmSSJQ=,0.998447231025213
TkZSdlRvMURKcHFqYVV3M8N4Y5nFOxtFq4N/et/pGBA=,0.9929637106053484
TkxkejVmeTg0VGdTUVZGbrhu1gJopGxAiq23Lbcs+G4=,1.005179685962088
TkVrQXpwbUlQckdlRjRoavBs1EkJtaJXECdUF5hy+ps=,1.000103082005863
TkNyRGFnNUc5UlZNOG5ib3Jkps+iTo5SO5Q9PjXTQX0=,1.0123041091423177
Tkk2Q0RCMFJUZm1FOEtNSMwiXJnsvanMvAglJvrNH7E=,1.0085178596234798
TkJyRWFUVkpnaDRwMEFaObUZkxBHDLM4JmgSb1lHdyw=,0.9979706411223941
TkFueEM4UE9pTDZlZDRJY1829rbofIAnnP6OUOqYdGk=,0.9987569434558694
Tjd5SmRUZlo4Q2p4SWxoV9VvlvO3rPaJuppjXYgmvnI=,0.9991767348843642
TjBHN1lXa2pINGxPSU16ceQHfI8Txlxy33UECm2e6rg=,1.0013201113994155
THRmVVF3RGVPcTBNNlZaQzQHmq0avgjznNBCsfEhQEk=,0.9999669540824337
THlLRDg5U21NMjNkWkc2bh4PRxSyqamXscv+ZTO48mQ=,0.9937314278866057
TG9JaktEckp6QUJ2dE9iNntxqvocw59YPFPRQUmK91M=,1.0025012599704382
TG94d3pYU3FhM01Lck9FaFB2S6987qBxAQTFdXVD+uM=,0.9926380011413687
TFJDQnlLd09rTlNnaTNjNu1CIajPG8xZGNr+o7GZnIM=,1.0047966160202544
TFdTZmhrdmdyVGNPWVhGMKvdM2Db3A0X3BjXVD3QjVg=,0.9927468127699497
TEpSU1dGUDNaQml4UXdFTk+SA/ef67RsxrRGCFAEA+4=,0.991988079450745
TEpPY2RDWTdiRWVVQk1nWt6dUNIoMjdIJP35J2ebdvQ=,1.0016059192763367
TEhZNmtNWGNTUlBuR050Vhiu+C2BoEFCMAnq9EsLY3Q=,0.9955842045455482
TDVhVnBmb2VHN2wzMjF3OMqXYtzErU0AmTKqdBVb6vw=,0.989652277168491
TDJsaUMzdFdSamh6RVU2SpMTWofRywXAtYQ8PfV8szQ=,1.0076278485380938
TDBOZ1JPSUtvWlV3Smk1MroVhxAdtgiBCL0f2qV7zEw=,1.000386190298026
T3pwV2NNZUpZZDF0UVg1dU3iGrjo0ChRcqaUJUMADU0=,1.007288396048986
T3duSkZlMzBka0t1MWhtarluKpBoJeJmbj6hzjwWzm4=,1.0008193478291216
T3BqUkZiNlREbmR3dEpmaVD5nDJqtCSvEobV3K/2zXg=,0.9856048599677003
T3A1b1VWMndtbjRjTFRrelv6eEdh27CyuOl+c9sbPZ0=,1.0095049082215275
T2xJUWV3ZkNqU0hYa2h4RZC08TKr66atdfbRfGdvOpg=,0.9953468408802583
T2o1YkZQMU5peXRBcnhEYZOJhXrHqodp7bEYBDo2v2Y=,0.9897153684032881
T2JLblpkajc5VFJtNEpxda7rDOWR1Vz4AeSMsHNF9Mc=,1.002317937504644
T284RXFuZFdKelVMRFpDQr3qvvnoZjWISmp9XZMBiTM=,1.0040991158847778
T1kwZjRlVUFieDgyM25FeUOxHzfMy2/x+JK+AuX1w5Y=,0.9953918155869805
T1JGaTNJQk02dzkxTHNVdo1oWQ84FdyDtdN9ba6jJ+s=,0.9909505039759701
T0wyalA4UjZDVHdzaTl1TehsE3G8IrU3YplTxfCCMcA=,0.9984719312592153
T0lXRllNY3NHZlVWZG9ueK8wSWZFvSxYh9FvMVUNlZg=,0.9984639168730675
T0F4dkZjWG1wRFBoeVVUYqhWfbffL9zKaRO9H/vuR2g=,1.007157452049993
SzVzQmFnUHBKaWhScUE2NG2K9eqQo8xhhB/KnaQ8Ce8=,1.0037244314504303
SzJYTFV2eU9OOW03ZnVZabWTrnVDoTTCN8W5X6XHkOk=,0.9937730063102526
SXZtemgyYllpQmdYczA2M5ZxKZCDytpzI3156LeX9c8=,1.0027769568345557
SXJXdnBZZFp1RkFPRDNtVv35e4xXBWtRaJ0+4DYyJHo=,0.9993785202343307
SXJhUUFWeENOcW9uMTNqT2cZTSSSposqskzL22lleec=,0.997338965249321
SXFVUGhDTlZtbmFYZlNHcylMklQVB5a5a89qiNqVGFo=,0.9941469775951366
SXdpaHVvZHZCU3pGYzZwNHByPZGnkNDY+RHwibc1xKQ=,0.9983121632318509
SXBLZ0xReUNrd3F6ZlNYaa4ZZMUQuv9d8T5MoSxuZow=,0.9956886595510089
SWRTVHphckdRRTVOZTRMT54VThGvWB7KaGV5vGdv6+E=,0.9977233204194218
SWc1ZGtvUjhYRHozczBsSMKM2lEE4NdgW1Q8BOsug0M=,1.010341411811335
SVhZcTNuYzZIQTdzS1NnV3nQdjdyHWfKY1QcfQLerTE=,0.9959302638034637
SVBKM3N1cFpDMUcwS1MyQr3kJCO+MZql4z0AeN/Dvbs=,0.9991833480786965
SVB2ZXUwWEVGTWJsaTZMSHMSV+hbEgnsEY4IgXPY4b8=,0.9981614618763612
SVA5ZHVGcm9KTXY1Z1QxTnf5uHWru7eq0tKehZDdcaE=,0.9973791583220308
SVA2ZU1yelVqU1JiRTREMG88/97lpd9d+n4Uw7Be9JE=,1.002929527814398
SUZOcXJERUdWa1RhaG5nMqFci96Q6KwqvXf2IFWe0HQ=,0.9938496557457457
SUdWdDROblRRMnNZaE1SbQglN1S9JbPMPlsKge6C21A=,0.9994673327981655
SnpYTHFlSTJsR2pEY2Ftd4415sYfYXXsnSeXZW5lFaY=,0.9981624726450347
SnlXWlViTjBIdGl4dnNFT/WaYfOEv7oEtkr7mEbA6LI=,0.9964090639502048
SnI5TXVDVjdSQnQxU3pJZ1Hl43RDIxGzLiCGjOdNPA4=,1.001098950723614
SnBrbTVub0dUWnRhZHlXdeFDkYcHink2RdFXb5Vn05g=,1.0023138761956802
SnBEcjNtVW91UkxJSFp4VN/FcA4YqWpXd1ZB2oUfNbA=,1.0035462842413372
SmZPakE3V2xRcUg2Y0tkaL+8tiIY8S/cvWlRUNPpv7A=,0.999699505404078
SmZoaXlGOHJNNFlCa1hORXqP5kHk+ZoXyJ/EJ6VqSxU=,1.0070661437129762
Sm1XQ3JBc1IwZ2hsa1FiZN1VSl9QJ85tBiVGnXo6bDM=,0.9984648871491237
Sm1DSVRGQmk1Z1EzcThZZj1ckm3nTfB+LCFtZkyKCLg=,0.9941942525548538
SlBoN3ZDMHp1dE5HUldnUdSzGakrQ4M+ENCiEHfh66A=,0.9997544659219754
SkVpNkNzUWpXRFRlTE1QbJ7UzHZsyoPsMBBfxef9hmg=,1.0035237968209443
SjUxd2ZGM1ZDOGQ3cHYyWqn2QRsgMid8p8D2Shjt/aI=,1.0042815811832086
SjJWbWlCUWFQNGZlU0tHM58D+eeQbsXzrZ75XUW9KeY=,0.9994308555306476
SjJvN2dXWWwwQlJ2NkRFMyeaeM/qSWlAvHxWN+0rQug=,1.0045412056957972
SHlDMDZScU8zcjJkVUFOYqqpRMb/c8C3k+vVNUo7O+8=,0.9930463527727148
SHBZZlhoUUdjbnh0TVdVVLn50MW7MzJuEwtIvXdvJWU=,1.0011785178105417
SGRLdFVzMlNrTjNWREpqejGh9R8J9xuAJrctKrExPp4=,1.0014242278616896
SGJ0cmZ3amRCS1MxQ3hKWL+JXQma4ON+DG8Gn8XOvzE=,0.9989483810747964
SFZKRG9QaTVzRXFXcEJTUq/rie/IxDgi/QcdNqZ/dSA=,1.0051732037933245
SExFdEpnaVdWUGhOTUs1Vb/kn6Tcq8CGHfE6vO/q760=,1.0040408280275488
SEs0VGpMelhJdW84WVFmV6cmrdX+8+0THgnRmYeIf7o=,1.0061483885850548
SEdoTnBDemZuM3dNc2daNnku9NH/gMWr+2xxbsSlmio=,1.0044209028048274
SE95MGJsUEU5RGlZcXJSMx/gShmqo7s1MmK4FNDa+Sk=,1.0086946951537947
SE1US2l2WldwSjVHY0ZCZvh1dGPJn4zTfpYvzRQzSDU=,0.9908131438070196
S3VCdDRQUVpZNzZXb3F3ScBrrbyJ33WQhZu5svoHrLw=,1.0065967116704082
S3R1Qk9vY05VTFh2YXgwayVWwHmlwRvu0PcV0uQ74Fc=,0.9960961032677647
S3pjbnVCMDdyeDJXNGpDVDgu1Ejxew9wNwELkWwddZ8=,0.9890375873371752
S3JkM2FRa0kwcWJUSnZGN85M3ZMbPrizdLO++xxmDMU=,0.9981983938491779
S2xxR2JtSEFNSmFkZzl5Y4pgfOOZ5Bx/nH2FyFQs6u4=,1.0031137471336347
S2NQeWQ4OWZyMm56TE0zSaO8mH9Ll8ZMAxNh4VEB+iM=,0.9981513600913936
S2lTRG5IQVZ2b3h1UUw1TsJDEPw0XSYvUpAUZt8RUUg=,1.0082841996613792
S2FsWTF0N0MzakhPTFpGUbSq5yihEff4xDrmpnB46No=,1.0001735879936353
S2dMWVBYMDM0Wnh2RUMyRy4ayen2SB8ItkdjYXdZlTg=,0.9971924352391297
S1FyU0JuRENOYnYwUGNaMh4l2Mg5mCqPEQBA8VqV5Ds=,0.9998473607622137
S1BYZDJlYVZnY09SQUZudN8hgGK7ttpf3NOKAnIy8cY=,0.9998835148679945
S0VlMUxIYUJ5TkNGWDJSU4cZpRFjr0336kzH7xerTvM=,0.9997160304729432
S0oxV0lNOW9WaHpOUkJHacDIxc3lARZyQii0OOyg27c=,1.0043070841504311
S0lyTFV5M2Uxc1JXYXZKT+aPRV7KAjAiX1gRyl6Abtg=,0.998682351675231
S0d4UlFjbGRQc0pvNTRaTkB9H0iCfxNiq8V1Az+Qqsg=,1.000045816748359
RzY0MHcybEt4aG5hclJCdBgyiISle27B/e313qAyCto=,0.9973334440480054
RzV1WjNyUUZFYVZqWTQ3bD3pZdf9Q4JnYxfy4OQnDP4=,0.9947460014462085
RzhMallQejN5dXdSaDJnWnfGn5zgxj5W49P1Huuzmv8=,0.9972472226173176
RzhiS2xPQWhFRHZaNG9rQ4n5Y+3mRFwwnRFS+yjcEsM=,1.0026054954199959
RWZJZ1owd3R4am1WeU5yNx6Kuk+yQRfd1MI8/X61fgM=,1.0034242959788515
RWNmbnhPNDU4OWRlRDN5c3cu7nEh+PJv4PIfbbJ6pJA=,1.0030730944113229
RW9qZlJzS0lhQmxraHpldl1RTGWHjdHQk2M8lpV7b9c=,0.9984680042193539
RW1ZakpVZEI5NDdjS3BRZXjKNcyVs1LziboESvaebKw=,1.0017091615653781
RVZXWTFac2QyN0FwaU1OcjhmSxlv12M71B4rDECYXcI=,0.9942212258999091
RVRjaVY2OFM0bEZzcmhJbtI480N8naupwhlLLZsaE4Y=,1.0013667945191407
RVQ1aDJjWDZTTlFGcUtmT+Ck3PbeyFQ7D3YZ/gqgr04=,1.0061790269664064
RVNSVGwxSGo0M1VGOTJpZlSzyadbN4jmpUUCvGosVpU=,0.9995725319970505
RUYzRzlRenVETlJTSjAxcQea6eeWzWZBAua5zySI/u4=,1.002093156533922
RUxNVk9kcjlsMTBzRGlUbXPZ3twylj9UBEUMIQw/QV0=,0.989593740986398
RUwweG1CS1ljZGw2MlJiaVeeJdv/DB+xx5Mohajwb1c=,1.0012700611947876
RUNTckY1WXZabXVqMjRlN58NruxAWdsTJIBQxK9Sjvg=,0.9981508552516031
RUhDaFZhMklQbXN4VTZPb21+XFh5GVi04p86q8OkDbo=,0.9954674835809045
RTZ6bEZ1YzFiQU1od1IweNeKZRBlrkCPAmD82UHhCyY=,1.0029643121509533
RTRLeWZsdTVaVWJ6R1NJYX9VnxDIWUzJ7GYrGUj0OIs=,1.0039040924220621
RmR1bWxLUklMMzJTckpYVyTzojiutCprMMTeo+J3+Jg=,1.0000831302793742
RmpiaENMVVk1MXZzMEFmbc0Y2YcDRScuOlzggnxnrqc=,1.0004684100191745
Rmp5S1Y3ZkRPcHZVV0FKUAAnp6oZwXBEWTf1dMb8PmU=,0.9940445636108202
RmNmQ0Q5dGIxanFhcjVKc/xG721NdLflKO/zJgzNf6M=,0.9946964672545666
RlUzSXJaTG9sSnhwVldBZnmutfBiNXEVxuMsqDm1jEM=,0.9940435879590032
RlpKYnJHaHlJWXBWekVTQu6iKLVRCFxkklFHLUL+3x0=,1.0029533250587463
RlhzUU5nT3Q2TEtSYTlKeBbEM2wycn/S7v6GdAh3Pgc=,0.9994120374631065
RkxQdFRwNlJKTlhCMllFTQounkxRP7A5UGsUifSZI/Q=,1.005405279116458
Rkxnbldpc3U5QjdEQ3djZoSjqdqMnDCyIlu7uXoU1PM=,0.9975538248248897
RkszYWRpWW1MYjA4dkVmZ6ie0Yc3W7vVa6i5qAHPocM=,1.0043677739757702
RkowanhmSEs1VkxaUXpXR4RmBnofhITOlA2HgEjJIP8=,0.9956556358431935
RkhRaFQ5aXN6dGNyRGtSQ0DHfjo8Wo70uBQGSJa1ua8=,1.0039985528185391
RkFwTUVZRHJhb2kxZ0xOa+IOZMPubKVADe43nzhqVLg=,1.0073067901258368
RjVtMThRWWE5UFY3ckRXZUfQP+dRTsCOcmcHi/u3FmU=,0.9894363796195065
RjF4SGFQd3Y2T3I1RWNWdUbQ0LnM0bXiQQDuAhuKfkQ=,1.0052314030024987
RHNxWUxmeTJibml6ZTlWWOzfchVx2msyD4wxQL8vhZk=,1.0025896677108532
RHJHVkZ1MWNScXZDZzh6VR5AEtO8gPr0q5f2c8riFbw=,1.0011552019783836
RHhXa2NpSVA1c3o2bnlDao53eIEF+t3z0PpPQWsJG+U=,0.9967432580834475
RHBrY3dRMjc1YnJ4NnlXcze6iNDKRaArg6cS2LiuSoQ=,0.9973346747900941
RGJhZW5UcUZwOVI2dnRCbygPJEQLGA1gQFzDbd5uui8=,1.000456359948343
RFF5S3VMNEhJTTZZOEo5btlw+bWy7UgMLAxyobY8hKc=,0.9941108892025665
REpDSDduaXViTXRLR3k1b8Slkxsi5DOEziAQ1a3pKRU=,1.00256783501728
RDRCb0Zkc21KY1ZPWmF4MSByhtueiZSmaNcyGm5mGXg=,1.0038717098467496
RDQyc2VNM3JGQmlZblhKOLt7AO4j0bKzn7BUmcdk06Q=,1.0002900880983767
RDdKeEVncUY2cGRMbnRydmDwDwoWAChNhsBlcbOdIcU=,1.000158755151069
RDB4QXQ2a3ljbXpFSVNIcKSb2D4TMMA++lITJS/XB5k=,0.9993857465749009
R3RXYWZ1TWw3MW1RQ2d4WmA+kWjuT0P4iYSlNZRZcDA=,1.009290958370741
R3FVMHNwcmNPRTdCM1RSTsptQimmOky0VZS78dnCGog=,1.005488951888394
R2xRSGkxb0pSZW1VNGg2T4bM3z5+Ux4EDfiSFAla88U=,1.0008908470963502
R2l1UlRqMjQ4dG9Wa3JXTJISo0umJP6fXOL7WHMNDJo=,1.0010109252650414
R2JodnJEUHp3SjhaQVlCVmyw/Dou/gSHLhjtKQ+4z/o=,1.0042672074762455
R29WSVBYek1UTzd1V2JwdoBc3kDuiYwBzGQYbXTQv1w=,0.9903170828673689
R21QNmNOYnBrck1FVGFRUqRLbHWI4/Yv8bjLz6DkA+U=,0.9969467311405937
R1kzU2VXSlZNNm5EaXh1d52KH3n/BocjHL5pQWjNhpU=,0.9999603473390501
R1hsTnRCZVc5VGg3RWZKbhy7mik/3DgqSdd9uq0Bzuk=,1.0023823744248945
R0xBclBpemdxTm9YMEZmNGF+tR1CC56vUaJ3DtRBSiA=,1.0030821291792278
R0hyQ3AyYlF5NDBlWWMxTWsRiMfRtoK9maspIUs9FmM=,0.9947803173606994
R096Q0ZTV2o1Y1lUb2VINthZs9dIUk86TNl5mmq28MA=,1.0056324622329031
R002YlV2RU5kdGE4a0JKT/cYGz6MV2HokMOeY1VSh10=,1.0033277677927959
QzRqc3JnSVJXRHg2ZEtRa5SdNygVIa6tbgQvU7qe1ao=,0.9970988434624393
QzNpdDRlUEdnTk04YXJmZEC2pltvTJ47TvKisBVmLb0=,0.9993529353102697
QXRjZlhiWVBrQ3l6TUpkU1IRTMKbQO8epqaum2iRgL0=,0.9997337497625602
QXQzMXlPWWZuY0NqRkhFbB0qf4tr47AXRr7AzjVq3vA=,1.0018514945986103
QXFmVW5qdnA3dHhUUXVoVuJXdcQyC3XJtB02v6ln5SI=,1.005633078331431
QXdDYjhJb005aWZocE5UZVGoqQ1UQnobbi64x43EgBI=,0.9974975134846729
QXBxUG5iUXVDWHM4QlJ6STpsBIIS524WOOrbdjEL+7Y=,0.9958116513690844
QXBoUkphME9kdzd1a045WdIZtUY/xCnZkeDIkzfwzAk=,0.9954133263319251
QWRIaEZuTHdKWWlFeDFvY2FqgLAO0fqaJzT+UTEpIk0=,1.0051602439196201
QWlEM242eEo3b1U1d2pPTL0XtLBfhQx+qbFW0qCfoE8=,1.0030751464311571
QWJwdXpuR3Yxa1VpaFJWTUm0h0j2r+Uh15Fa5b8Cf7M=,0.9965172414290453
QWJFTHRHUEhjQkY5M2lrMQe6eTFOlnQ2nEE63YUJDqE=,1.0005528981559315
QWE3aUVSZ1pLQ2swNFBOdCXxTXPOcv+Etjv/3sNCmpw=,0.9984523039958477
QVRLMk9iNXQ4aG9ySEkzUg+dyIgMXVCk4UsYVpjKQOk=,1.00240621175128
QVM2WmUwaHZMSmZjRDgzQna7rBvbHobc1XK/YkQTOC0=,0.9904865005369472
QVhUS1NkZ0M0cEhROUVlNuuY9RiBNUpCMeUjw7FBbGQ=,0.9929977772015643
QVFvUEphejhsVFUzNW4wa3/iHZG+0oAL4hLs1qDy4pU=,1.0015293268945538
QVFDUElldm11VGM2SmtwN3yr2QmxoqHnKFMc4jBw0gg=,0.9955161433173427
QVF3ZGNrVFZnMTNCOTdETkhFB8s45xD7tYd89DjuinU=,0.9950180637281049
QUV1SEI1TGgwWXhJeUs2eqkaf3nNfnYrkZ7Ygn2IhSI=,0.9967235032548977
QUU0OU9JOHN0eXI3Zk54RhJkjceQIUjhGogWwJhHSdc=,0.9966722952086382
QUpMckY0Yk9ObWwxWjlJWegREthbjeW9J1k/rYbgUX0=,0.9981716461955299
QUlLTmNybDRPUDlXYkJIeVN7UduFkju8R52ZkS3vIQQ=,1.0057030231685622
QUd5aWUySk9TM2dqRXpNTt/+ul7IbPoQfmTZS07Mn74=,1.0062195293770106
QTV5bGdWUXhLUkg5ckZwNqCBmA2zfdDcA3QWgckXT8Q=,0.992158975692858
QTJnbURSR0hVOTc1OG9yM9DzCLpX4ZGUqTCEigCNpZU=,1.0008761480191948
QTBacmVKUEt5Ymo3a1V0TWXCMbblJU15hEdkmte8llw=,1.0006043587308857
QnU2Q2hBSkRZTWZSM1pYS37xWX6ysCR+HY0vNnUDwts=,1.0035132223974073
QnR2Uk1MUWhrbEhlbWlmNeBe9NttqBSZ3V+XEsfTHe0=,0.99796678222557
Qno5eXBIWDBuN1ZUUEdTZn7ujsEe5sC/r1gde7AkCzk=,1.0049886900371812
QnlodWNrdEhNeFFqRjZkd8Yy4aphIibBTtw8Z/1nlgM=,1.0080310835957653
QnJUcDNSeHFqMG8yNFg5SlYQmgAsL9UQpt2DEMOe3/M=,0.995306246724155
QmpLTlN3Z2x1WFRpbkd2ViWe/0gEhzpU7Ftfo2BazXA=,0.9979744933158913
QmJBd1huWWdlN1dIeUdkelxVKAt0TkKPxBDuk0KmUaQ=,1.0021200274718836
QmJ5bDJTWXhEdTdQNkVRWPT+hoUzHWTQwYF8JIDi8Oo=,0.9975610841920259
Qm81MnBDZEtPdFBTZndyVRPyZv2CixmHloUMsTcaXgw=,0.9968755851272905
QlY1SzJMM21sWW5aaWJJcoW9hrzI9DhcjQnjd0iYK8E=,1.0108245947438521
QlNPa0tzUHI4Q3lsRGZKTX1l8UXKr0VMql9LTfP9Fxo=,0.9982402811974865
Qlk1bk1SSUpMMlF4MWZPdXc19h4qzmEDkl4lc1Xrq3Y=,0.9976909059228016
QlI0bGUyRWl4V3IzVHNwVSMShzPJuS2aYC6XEMMUQEI=,0.9948891473756982
QkNaRU00M2RlbThRVHlIYwgy5zHi3RO7U34jlGeF5gs=,1.00195790318497
QkN0SDl6VVNRNW1zd05jRgh/t0HIxdtaGMNlMfcP4jc=,1.0025093598445627
QkFyZHZwWUtYd2NKa3pDMmw8qBNZyFVIhZuVp4K7E7o=,0.9947062577428896
QjZQS3RqWko0RVJibXpvSZqcvYgGgOuxLhQKpowy5as=,0.9980452887151624
Qjl3RElMTWU0ekZWQXNFbLhOGTwV7cQizlk2NEWL5Gw=,0.9969594673638741
QjJGZHg1dEx2UUllVlU4MZRLuiolAOWfS7rPUXX7PKA=,0.991031875352604
QjJBYTZ5Y1lkWG1FYnRLTyk00mSb9LtiB/oVmZGlNHA=,0.9996793996617928
Q3NIOVFieHJoRDA0WVV1Zwq6lCdxXuIhdoLeXcbOTd4=,1.006644508688242
Q3djTER2WkEzMkVzcjlQaaOApMJHRTY2pbMu08pAq9Q=,1.0057723631107998
Q2taNUppNk90V3h2TDJZYlsC8NilOqriXnsRs9IZd/Q=,1.0059787146264543
Q2N2MFdwS3FCTGpIMVZJNHyT+WnkVWRb1L94rWs+Rm0=,1.0108241405341347
Q2h0UUZzRVdHOXFLTUxVU7d9rmLCvw/fM4NDK2I9u5s=,1.0049131835865404
Q2FMcEpQb25abE9jc2lOcZnWZerp2j8GJYMFvx+k2fo=,1.0077744879640909
Q2FITDlSVTYyd0ZyNDdpaEch9V4mMc1Wd277k9CYa6s=,0.9984245502654352
Q1ZyYUJXWVJuTWtVakxxeLtW10NKHyTXzEejcdO6/10=,1.0038098047431807
Q1Jwc0FIckVKeEZXcW5jbyiAwFq6dfPMf6m5+2tdviU=,1.0041689739120818
Q0VPVGdKWVg5TDJNbTRLVze6GiN98jvjpaPKRpaDuuU=,0.9994361984653037
Q0tQa2dIZnVMd1VsRTRvMJTgEL+UTjKf6pYu2FgyMFA=,1.0079417159874295
Q0c1SVIwSHFFRmw4V3Z5SnSx9fTTv7jDQ7F7iFrlzC8=,0.9950898813834839
Q05URkJ2c0dqbmJLTFFvSUovSZP3IyDApjE6LHOl73k=,0.9993585296546019
Q05SRGluTHBVbFQxQUowT65QbpLeaY1WO6EqWXlX9LM=,1.0055373380125765
OXVZajZpZGhjcnRiZlRES6Gq5SmnQApuC4zesVWXdqc=,0.9949338531019258
OXVGdkRZZE94cVBhMlRSdBTyCoFpUzeA3Ur968atOCk=,0.9998208294878795
OXpqYmZGWFJlbE1RYWdoTkel8A1eHeUZq4Ef+OaLXE8=,0.9986018772493144
OWZybnQwVm96TWNLUnNJMcoy0OeUpkgKzCZvOlj+sBA=,1.0010418097299727
OW4wTEJnTlRpN3JHVTNmTwklHjwTVpJsGPRxmqJZaGY=,0.9970021458171864
OVR5T25TcVJIbTNHamNQQXQjRy7bczbfXifOjGu10IA=,1.0017117920221719
OVhPM3FhaWRUTFdOcHdDOAUAZiYL2V855fABVy2IQ/U=,1.0044409793209699
OVE1NFZGWk5NeG5nalhDdYyZ25btmcXOJ+u0zuNrHOM=,0.998850085825287
OVdMODN1Z1JPZUh0bVpZdpmSQ/9IZ5tulV5laMCCKmo=,1.0022469792779414
OUZmTVJiSjd2QkVIZW96MAG3y+7kDVmhXAy2K5c48M8=,0.9966684664098159
OUw3bUNWU0czWFJCYWw2cDRQJjsNfJwzAJtjdVyI3HQ=,0.9991949020128912
OUFqbVZzWTBJS2lEdTRTZ1wVcZI1htYSL9Z0xvFXBFA=,1.0080194272978735
OU1DUmhFSGFjREZKM0l5dwh5eU6Af2jF5cbofc3jWI4=,0.9951489972532609
OTZVUXhtdEplR0JYYldnMJ8HTRCfn3pvDrsNBYiCQ7U=,1.0002382748726029
OTdIU2hsdVlkUFJ3QkZOa2NQQJvj4ZrejJRcoApGuUQ=,0.9944256486750003
OHREUHdIZ3FGMTJyZmthVh919b6Iz5geyr/TeZYvvp0=,0.9958012460018205
OHJ6UllEaVdnb1hxaEF1TYFbhBEIvi4b+JOlNjooOQo=,1.003903649911646
OHJ3bFpjbWtvVWJGOW5PUdubJIsIaK4KsfKbHsikNSI=,1.0031151510120404
OHBQRTJkSFJRTmdBOUkxNeROpgBiBqFXKjAp19xPMSM=,0.9909421354713829
OGtYSkRNNTBBS1N3NHFkObVU/o4F0Ut4Qtp1P4l68zg=,1.002830120896862
OGl2TlYwRll6VU9JeVdNSAs/wxOVHnIKwQ0Q5lpSTKM=,0.9987967759941794
OGFCRGpMZFNwSW1GaHVWeCKADl7/1Odp3DRzsGha7jI=,0.9963710609539944
OGF1SVhFM3hqSGdWd1pXcB4U+7TLTavb66Uw3di52qg=,0.9997577478750039
OG80VjZXSkJYbWlQZHFDdE3Gt4/O4+uCSk1cn6VcZsQ=,1.006374622813275
OFZzcTFvZWpOUlE2WFVQTzcVlXOMxt/G3G95TJSrDXI=,0.9975093372760581
OFFzd0UwdkNiQXhZVDVjT4Y3wM5YeoFtr7znbr6Ylso=,0.9939752199714017
OFFFTU5INEo2dldnbGt0ef8/l+9MC8OB9TfhI1gUgJk=,1.0041144823344814
OEo3em54T05FZXF5RDMxQaq4wzbcjh/ProKjo+YfIYk=,1.008721642956177
OElSMUhzeU12dWQzVmw2ZjwwRQKoIAjU+S6q/nIm2Bs=,0.9972211038163038
OEhXYnZQdGg0ZWFFNlpDTZK6VwRd9DAz3M9R/C2yXMw=,1.0012929169510263
OEhRWkdpbjFQYkpzWFdvbfznI1uPoM8Fi1r6kl+BFgc=,1.0033793905451207
OEFqN0JyWmdsYzZ0R1gxd0YJnlYKQeDWpMSIWvLBb/M=,0.999213691945063
ODZmeTVHcmhia1FGYUx3Q4gzdYTX5+omy9LB5tP1Am8=,1.0034020445949607
ODVLVG5JWnZ3bDNrZllNMrSshgT3wZC8veeVUEM67jo=,0.9998856166847923
ODJraEJKcUZwdlA0dDYwUr2GIRlA50A8muCddbOTzks=,1.011091041478767
ODBHQll6NWNMbzJRSDNrbX1p/38YGzaA9TkC0jV8FjQ=,0.9967258839353634
ODBEb1FVanBURmh1N3dJNDaso23Ss2xsZ8Z2Ext84G8=,0.9968359776795266
NzNqSURuOENKbXQxeFBpNYn1uRy5Vhs0RjGThCfwEws=,1.003768448634983
NzJ5Qm9iY3FsSVR0ZTZES3K+Zzd/UJB6+nrQ8vll6tY=,0.996632005973589
NXZFTzhadG1NdWdWclB3aCol9m8ADhck6h7irxaLnrA=,0.9947252676146466
NXkxMGFSczZkQWc0OXFwRIbR33f4wHE4GL4Ol2XuQHE=,0.9954597349912545
NXg3dkJvTFJ6aUZIZjZhWZlGwmHiWPaIZ2HFa7ea0zw=,1.0037449516574173
NXdhZERKM01TTlY5VUhwUCnvGuAvnJ3vO4UDSrWTU4A=,1.0023254757841353
NWpVYmtPUVJxN3JXOGNaQwmeF3GK3Lr9RuISag4ORA4=,0.9977402630740966
NWhYa1BFYUZxYld2MFN0TPk2YtwISLAjiZZGGnK0wpY=,1.001220982938245
NWdCcWVvMDNZVVR1NzR4WEgDgODJpw+1iLnH9jPSROE=,1.0034749011263413
NW1QSFIxWUlxY2syV3NHMzIrVddh5tMB06WQRT/+oNk=,0.9966287970606835
NUxGMkdFSm1qUnhEQm5ZeQdFouzZ695y2MOc2hDXGek=,1.0059333086429771
NURXdktPRWRSQlB5VFpIZvCzFqLMNq+7bupscSKmQEM=,1.0092884548135013
NURveHRiNmtJUjdHOTNxc6xbtwj4TiyHTnetp7rt3Ng=,0.9939379119746419
NUJoTGsyUGwxb0NPWXFWSOsY0sOD141ACtWHQ2dLUYs=,0.9978401076725792
NU9WUXdGWmxqWE1vRE5kS0aa6TbZ16A7nLBTQh6dQCY=,0.9958358500681566
NU5SMGxQOWtBUTN3N1R2bf1faz9e+DmrwBxE3ytnckU=,0.9994211038570804
NU0zZ1QwbzRVTGRjVjFJN5gr9sJ8w9K6dnvHX60bgJk=,1.0096069389541564
NTljaFJYNmZ2SGttc0o3Vh4zELAai8DkKmwTdlu0hgI=,1.0016324988900853
NTk4SE13YnNVMklYcGFrY0gWhAl9TI0fILWLeFclTfM=,0.9923552799481011
NThPMGtaWVBYdXp3NDk2VNagXxlgpS8Zp24aBnLZNy8=,0.9977378681617317
NThlazduTDNRQ1kyNm9WNM0eesRDWZDmTYDeFqIfXIs=,0.9984019522780468
NTgyd2xTZFBYN29ueWpwSP8LyMbJ3eoUivUADLn2j+c=,0.9942544235984725
NTFvdzNaOWxza3RJRjJQbuXo0IFYivSLJyeYl8Xr9/s=,0.9989402665732602
NnVrUTVGU1JZOW1nWFBUOAv4DGhgMr15x43D0S5jSz0=,1.0056514535481724
NnlDT1MxczhVUXZoRk1xafOSvGxHaxIeUATFdwlkkfs=,1.0042428371799303
NnJHMkEwY25EamthOXZoQiW4dndCc0/w6yXuO0T9zuE=,0.9931650052635761
NnFyWkpsSzBlTGd2NzF5dGghjRFdb6rAc0seWatnnG0=,1.0022958095097727
NmI0VVdQQ2EzajFIZkVKdoObxQaPQ/G4a8lrN7S1LK8=,1.0033438096844944
Nmh3UE5WVWRDOTFrQmFYYiFVsjRiR9WXXjJMVozF7t0=,1.007334392820957
NmFWR0xpQ2hxN2xVWG91Tq77iKHX2IOJyTlza9DXH9M=,0.996166970259763
Nm11R1FwZ2RzUkZqVENMOKMuMBVYYn9vgtRvFcm9Ork=,1.0012116020594521
NllselVDV3BWUmZFSHlxUeyP9iPNr9tmEhBR7nlW9O0=,0.9985627810395726
NlFHOUZyMFdhTjNUbVVoNcQeKJrORG2PtHzoD+IYt0M=,0.9984648098755234
NlBMU2t1bjVtMGY5bHJRaLdjQRpyOzNgEJT8sA+52YY=,0.9949730598247853
NlBDRHFJSFhaak53VGZrZVcxGG0nREx7hjxf3b+OF8Q=,0.9992074821539828
NkVRS01QQ1NERnZXdFZoaxbxoZfhFG/7az0WUPiXVE8=,0.9993659362189894
NkRNd21Za045UGdXQzJYc2GrU/cvXw6Q5QT+ZYHuPVw=,1.0004425276501994
NjRNOHkzblFURmpCYUtaVboPrfOf55dGaEgKnph18dM=,1.0018203910173216
NHJxdkRMU0k4aVBmZzNISsPONZjuLP892V1VYaKliOQ=,1.0073470495806485
NGYwUVdHWURhWnFDZTE5VQ17/bz/KVV9zTFIWuSgh7U=,1.004672323328081
NGNXOXBlQzcySk1TdU9mbLmr+2fCstfYqToV0aXJGSE=,0.9993131337755377
NFNzMGRRVzlaQXFCRW5MWIl0fVdo7f6oIOMxvOwMbo0=,0.9887981130909186
NEtJVE9zVkgxU3hXa2p5eptZFDyCFGMPG6YrO0odbD8=,0.9962121035311844
NENkbnNHa2VyOGowUnpKVNc87vZPZkqy6yY4DwS4UMM=,1.005771335350896
NE1lU0ZkYW9ES1laR1VtdDK+gavvBaaRzK8YJFeS4lc=,0.997338430518096
NE1hR05qVlF2VEtFMDFoU5//yJb5pUGjo2XhrhFpQ5I=,0.9996388447954857
NDEybERYYm9pZmh3a2pwQSg4J6I6R+Xv1sz+cw2+zLc=,0.9995478724628667
N3M4dUxkclhiUll2RTZqSvQqsLv7Mgzv16YbwJlZBHw=,1.0010912692184004
N3lpQ3JPMTNvc0ZncEowZXWVBFwti6LCWoxXhUPsdpU=,1.0038561272672535
N3g2clNJdUFpbktEYjh0MgbXdnEnVINKfb0byK9BKz4=,1.0056296314700495
N2szeU9UOVVheEJ6ZEVSWRdqgOz2TEn2f8n2mP/fmlQ=,1.0107040365763114
N2RpTUNuZ0VZclU2bUhSWKFnfejd/d+bEOP3D7CMbY4=,1.0001754647974208
N2RMVmcxcG1aSjl2SEJxcv9aTZHNpR39wqw9k7Q25MM=,0.9983567334210908
N2lVYnZaR0ZsZXJNOHR6UGKgz1DO+vRaYA4++HnTIpI=,1.003545959480134
N2l6SmQyWnVvRzBsNXE5SWi6sQPua+6qnsP8ZGas/rs=,0.9996494145163607
N2FKWGhZMFRsRnlJM0J3elk1J+/WfhOVGB3qdEqXjlo=,0.9997691073259776
N25XdkFNd2pKcGRtZVY0YQcUuzHBXE6f1d5Hj4bWGoU=,0.9981430428362167
N1F5TGN2bjE2NFd0VUJwaofUwEwrA/f/dBqABr8umL0=,0.9915829011697656
N0xoMm9na0tQcmxkWllOVvS0hKSc+9jsZHB/SO7kqD4=,0.9972478515776595
N0x4RVdvRlVuUkhyTlRtUAGF2CJ1ITi1Ms5YTJUPOTQ=,1.008929250772196
N0VVS2phODliY1pKR1c1ToerkJER0eXO2cOFX3/hlC4=,1.0023538169963533
N0oyT0hOVXd6bW91dHNJRCLnozmNT5wyIAvjC1YXaos=,0.9991613899953706
N0o0M2k2TXBvbmJCdkNTWvPxo11gZeGzS2v7jPn2RSE=,0.9955682330645806
N0NNazF5SjZPWlQ0YkFlZ3PwDn5YeTqYKXdfIGEKy9Y=,1.0084840174597554
N09NSkNhVHhIenlpZDVEUD2BmVSpa9aLU/gqFhfPLY4=,0.9964751644235313
MzY5ckFZT3VjRkQ3dmJneS3afwLdIxF33jvsbVZGc4s=,1.004545602287525
MzQ2dWFGWXFOT1pIcjJqVYExWMbsiU0X3Gcq8imhs00=,0.9982956970090535
MzEwOXBCTG9NWGZ0UTVONBgWF8aKiQIveHS3sG8/FwE=,0.9957547054781477
MXpWSVAzV2c5a2FZTHBIcqzp7mf3ADlzne+jf3IEEjA=,1.0048300215798216
MXdUalNlTXZQQUJpSWJwaGeKEc1DiQ/hwxSLTegRowk=,0.9960258022911076
MWVmazJtWTd6eGxCZFNqT3XUB3wqSt2ZBy/Lj5lyLCI=,0.9926776250071737
MWJsVUJ4cnk0aUx1R05wV++3Tw8HEjtYLfHJKgiaQWs=,0.99954895853424
MW9qR3ZDeUs3VkVXeDRGUNzPVhJ0DxeKqV3E1u8qvtM=,0.9989122280345695
MUxNZElOdEJqNzZSRTRvcjzIs7BbqKQwFfX+0euVkVE=,0.9928143620547453
MUlqUXVtVnFaM1JPN1d2YY/Eac5Yl93LHMhfVlGxBvA=,1.0031562243367298
MUFTc1pnejVYVnY0cnRrV+9vAOSdT315yZclKsY2InM=,1.0002545322506344
MTZaU1VwUWM3SVk1TG5YbMumLTNxGhmadcNxKgGaGsQ=,0.9998260677381442
MTNINHNyNlJvV1RpY3FrR0nuAiS0W0L4kcbpwqTMnuM=,0.9975938164422642
MTN1ZURuWXk2MkdoOUk3NI5/sAnL/U/pDy9T99IxacE=,0.9971402664074155
MTlWbUxhVWdiaUFEY3VFWiLi+VxLHVC6b5kewfd/81U=,1.0015505831364144
MnlyRGRicWNpVUV0SDFvYTTak2EkQGwDI2T2C4oQQ6k=,1.0031334828138825
MmxBNktjMW1pd29IR0xEWDgWGhDRLV2qNyMs+PR9Tsc=,0.9951018517044284
MmFGSFpralVkZ1Jzekw2NG7shxafoEEj9Jd/muKQtaE=,0.9976177517756515
MlVxZE5WaVJQNVNHMFFqRC09JkaxvVxZJsD8AgltD1M=,1.0064049115383855
MlJYc29yeDlWZ2hFREtGa9FVjFFm4qk6mxJV2oZ5M10=,1.0056346481401903
MlhqQ1ZtM0FmSndEWnpIYWS2uLPcntLbj7OkK8WA5aU=,1.0044516396830327
MlBqbUJncmRXVHFISjRTd+iuEq1wUAedVjnfUAGE6Nk=,0.9908848644235027
MkVEODZXZjFDRnptMEhndw83d1guRaIgyswl6Ao6Qz0=,0.9995965138897595
Mks3dHBHRmQ4aVlybVZVT+wUsRYHcGGM2EY26y5Z4xQ=,0.9956914806212722
Mk9tTlh6WlNwTGtqN2Q5YpE2mKdV5EuT0ILf423FDHE=,0.9982445758580942
MjhWR0RvcGdGMGhZY0g2dajcW4rUWWw5IZEV1685H8s=,1.0005484740668047
MjFuenZsaUlIS3lYZ0pHaNry3ILvzIeJubtrXJTC3hk=,1.006780864971739
MHRNZG9RcGNFZ0I2azdiUySntOTqfuxXKaNrz/1Ub1o=,0.9986719645364613
MHpaZEQ1dDlvVmdLM0lHZXCa2DMRnLChBa4ToO2Nhq8=,1.0059451535629165
MHlYamlRN0hzSVU0YTZtTP73QgxlswDXLFzBtRmtGqI=,0.9969978987513906
MHdOV0tRRURmVHo0T0ZzOOHc9u278ynAK9/JRGGUTh4=,1.0032387229796838
MGtMdG95ZGZWTXhsdVM3SnuV8J213AwfDnx0ZIFHl6I=,0.9942852568102816
MGRxUTZNbTJQZjRWTkdMZ7Q6u9RYpfQEFMVUFEpuV+c=,1.0028108075076017
MGM5N0ExUjhDTEt4aUU0evvRvwYW61NETGlgqMQFi4M=,0.9941001933555531
MGJ0VUtPTW5pYWt1Qkd2Ra6snCWFOJ3p4aRrw+zhoUE=,1.0024761233474013
MG1Rdk1sU0xOZGJ4Vzg2eTiujTRPql9GGmYx5/w2FXE=,0.9980301090310509
MFRvMmZDZ21YczVsU0ZaWfV1t6PXX+ZPY1ZZPDFQ0M0=,1.00196334060793
MFhaVnRGeklnMmJDM3JBOA71LzxWifBM86FAIQ4BdUE=,1.001087047105155
MEtPRTRUcEZ4TThRZWF2WA6P8mSoV42fyui/Yg5QYYI=,1.0044883023679858
MDRXWnVBaXhPYWRJRnpzSxQSktPlC7iOY2IQuleHH6I=,0.9948298103505927
MDJscDN6RkU3U1A4Z2Rjaodr37J8SweAmEuGPUAHN9o=,1.004618045413869
M3ZpZGE0UXRTY0N1a0pLN2CyfQBYi95rlM/mGrCkFY0=,1.0047442085707645
M3JYOVZxV0hhQm91NEswaFXqcGJFQJt+3zSqlt73fmo=,1.007982936364102
M3JFMWVnNE1ZQXlzYkpHSz1b7MjvaOvXd1o0H4a+dBM=,0.999268635054266
M3dJYjcxR3owSGFkeGdSUOD9liOWg19JoT5vl72FZQw=,1.005352693267679
M2h0MVppbHoyZHdwTG1uajAmhY1poITVnn4FEh4PiRw=,1.0124868932045041
M25nWU1UVUF5RHROc3drdoeM/KNWLyffIgy5JPQHeKk=,0.999640504335697
M21sb0VBaEZLT0Q4dlU0efOymT1K9dRuCdTYUt17V/w=,1.008550512105514
M1JHMHhkeWlZZnJ6N01objC3E5eNJCB8DbIUbwPy/qQ=,0.9958893566936102
M1dyQXB1OUZtNEpNaE5iWcovkHOs4gcR3kGXY4xfyvo=,0.9988548964357631
M0NLYVNZWjBjeTd1ZlBBUlngURLdbSgtBJeiqYUNosY=,1.0012336067022143
M0E4UFFiUkU0emNkOVlHbBAR9AAPSU6QvT49pfCItDo=,1.0089445873365999
M0dDbHlMUTY5SzV0ZTBvQb9h8YABlnerdSpsViBIYVU=,0.999176149943671
eXptY09xblppRjBmWWxWZH0vZd13CTUTkscChhwy2Ag=,0.995947278975028
eXFGaGF3UklWREpBajc0UZS7o0MljafoqaMDYGjof6c=,0.9989959780293091
eXdXUmZNSUR6cGxBU2VVbQ1RTjDEt0rdbvkxJ9yEzi4=,0.9953316115270571
eWQ4V3NlcmpTRFFCcUZhSnZzKQdxBOzpvXeqOExOHvw=,0.9971645698859903
eWo0ZTJaUzlIRmxtS0RSNTe4fYnsyKLoYarezHugkSQ=,0.9978852798989248
eWNOZUJSVXFaVjlyb0xHMvL1YkM2SUn6FkwB+kZIihM=,0.9987562588030903
eWJrZnVLQUVRSnE4SWkzVvlipuldGh/2223yEdDxCjI=,1.0028236486490194
eVZzZ0hUWTJpZDBXcVpscsOYYSvTWTjmziVg7cVELdo=,1.0004656650559194
eVZRT1A0cWlVTUlLbDVkWOohpBmnaA4xoSiOqGmv2NM=,1.0109294456306133
eVRhRElTaHhmb0pBM2dqcc6kqNo4LQk/+QGE+ZmW4rs=,0.9942074631189745
eVNsUGIyQWhWYWtpdjlnVOtlQSc/l0+4t4Bpalq1uYM=,1.0033778851701036
eVIxbU8yZXc5TllGSXp4SMg8KCtGkwQUbZCMCJKkSR4=,1.0041400096099686
eVdxUzg5dUhPQWZDUllUTudZLxjd79VQkJphbyLSy2o=,0.9985395246653828
eUJyVVFOVHRudXE5UndoZ1oZLMgXgAd+Hw9YAZoMU6U=,1.0004182745773096
eUFVakVjUUxoMERlZldud6yqfrM4lU5SqHqMuCjv4qk=,1.0012716262967463
eUFEZWE3bDQyc2tKSGNkOQmwu5PrPL3nn3DEP57Ew8c=,0.9985751720468667
eUduQXA2a0gxMlR3elFadnGKY1RqcnlopVcH+2JtGws=,1.0003028654762225
eU9nNVVYUEZRVjJjZjlvWR5weDhljnbtdLA+mQjdiQ4=,0.9982672777671593
eU5Zbk9zSlNDdjZHbXE3aDiTUiWHTRdapRjoSNTcOB0=,0.9930118644282692
eU5mckRkMFZBVGNvWXRhUIdKueb/TgOEwV7WlJg4Q0E=,1.0025793052565617
eU1VbWJZelF4RkdxdndnOcypAlp36XSvVWIbw9V+URE=,1.0004310937061436
eTZmOTdrVVFidXAxWndZMjWfVVNrXWYfOWyzbAz6leM=,1.0046597847887793
eThuYUlKMGZNTmwyRW9tanAAwbluxdPYaEvb/Jqd164=,1.0074667303654419
enNwTlhiRVZvZ1REdjJ0M7+RvxILEKLqCPVe6hmsorY=,1.0000937913076298
enh2dWc5Q3lKSWF3U1hEV+/abiID/K7yVOPVBygGuVA=,0.9965808663039554
enFPQkh1MjhDbzNYTkpSaPUNwYeUYAPoFTycmmFLs78=,1.0069848127064946
endjOU4wQnR4cE9LMzdabGrBw0Q1qGC7AU9l3GNJ39s=,0.9946220561147797
enBMUTZxR1I0b3dFa3VNQgWtG0vsXSAk8ohZ9IP1cfM=,0.9997745118999661
em9KZnE3NHlMYlhqaFlQWpIlwIhZLFroR/FJ+iX8ydY=,1.0049351337634682
elVuNzlCSTRtaGFwRWxTZ5+4CTEisrRPBxJ2bYauUSc=,1.0030729113322154
elR5RjhKTWk5QVZPcjdRRX3fIcCUXaN2qTqg/7IOFtA=,0.9968868845593846
elpKN0xST1c2bWppclh4OJv0FtQJS+3ZfnWNxvvweAw=,1.0060086440405211
elhuU0xkOFBxa2Z2UkJiTVckneGlvcZruZVaT0meiFc=,0.9951484551035386
eldtNGxLaENBY1hMWTdHMDSnX+JzT5j5KOeD5A5r/fU=,1.0047983392712398
ekZqb1B4djhPTW1CY2kza5NJouW3GopRyZ59e58s3p8=,1.002597031329132
ekRtME5UbnRjRWlhM2xMONF9Myv3HYAgG5jLnfBI4Dk=,0.9930825371048536
ekk3ckRsMjVMTkJKOEZaZDwpADBuMRz9KxhizMxFOUA=,0.9972782164325742
ekgzb0tmc1RBRG5MZ2VCecGpq8lSxU3G5YGToTn5nKs=,1.0009654006524678
ejY3bjJJVjFEYk5IWWprcik08sxw84A+G4GRJjRn9Eo=,0.9938149036530887
ejl2ODBQeWNvakJPTXVyVP13U/XE10G+jSlm4eez6zQ=,0.9931428264559653
ejhLblhVWUR0UXJncFRzOagEKpoSNvtikOJrdO0OFG4=,0.9957798927160569
ejF0WkdPOEhvTGYzVkRGWBcZwgmqFw6MfiP3j6c1S7Q=,0.9966494557516756
ejBsWWh5VVRBZEMybVB3MVWD0XTp2CrlSmpE0tA0nTU=,0.9948166394575044
eHZZcGtsdUQxdEw5ZFhRaunqQZQd+A2WQkdWAePkFbA=,1.002473410770503
eHQxRkxtZ2NWVEl6V2ZaZYgZE6fgW/wtCGMUzgCp/bo=,1.00731045182425
eHlwUmViVDJqaEduc0VTMFD22unT/M4OmtsFZwGUot0=,0.9967020863632641
eHJCNm5kWU1HWm9wYldGOXGzz+LZhhqAfe+A7DlXoQk=,0.9995754563122078
eHFXSWhyTTFpNEF1UWF3cz/LR6QAJhp1Vt6I8alH+3U=,0.9940274491941928
eHBGclBWS2tqUXVjN2JHbKniauXo00f2+2hfyfwiaew=,0.9926059763690825
eGZlSkl6dGFxYjVSQWlqY/yKEdCT2RWOYuBi/VSpgEE=,1.0007223500909732
eGpNNXp0ZlBLRnY5QzZUcVmt9hUmjF5TBitj+jcbWUc=,0.9962354276182083
eGluUllvaDYxQzN1a09mMsEEyHZSaDMluWJ6ewaYuuw=,1.0004227533940282
eGk0NUdJNmVYaFFwWVpqcpS6RWvnQYiR8u+MtUZJziw=,1.000792511918796
eG9ESmxnZHFWMUVBR1cyWZ/+sNPN0/+o0UwPGRTbN4k=,0.9954831560519063
eFRNYjJ3QVE4ZWNSV0VsZyA/Z1UgB1ON/W9qXCCVpVM=,1.0041221247172964
eFl1U012TGJocHM1d2tkeVIY/s92xPht0Sz2h8aGn+0=,1.0039880701433954
eFFxR3NVU0FKUmt6YWRsQq8aky3JK3VMqsU9rf36jps=,1.0013170926690587
eFdONUVhUk1odUNpVFpWc/2eZqL4T1SnWqZHabwQBV0=,0.9996419753032876
eEx3eklyUVVOZ0V2cDJxVtLev4o2yd+Iores8CaJMkA=,0.9979514703664562
eEtsM0lRSk5jdUZiMlI1asltWdPgYoPaEp1eYwhWz5Y=,0.9949636571810015
eDNxQVpqVDZlaGFrNTd0UEKUd+i8EXp+JznkefPx8hk=,1.001312575427608
eDJQU0QxYkl3OVE4ZUFqaQqZ89C728NSnAlnKaUbb10=,0.9929271510756945
eDc2TUUyZTN5R3NsQmltWV3L7h5DjJCsQjywZKI6tT0=,1.0039913746473499
dzNaV05IWG9nSWt2aGJwVEn6/nmKrBJssglKlmrwbqQ=,1.001413363769409
dzJpdGtGSTFSemR2TXFyb14lj1wDVMrZdN3KVzEbt3c=,0.9953905243193127
dzFGSWJqR0N1b0UwYTJja1RHAPtGMGV5x88KO0/DUaw=,0.9975124535217343
dXN4MURpSWxXZGdLYm5BNPLGOOz8JzF/wcstOQCkjos=,0.9970307969452462
dXIzVE1TTnhoN3lCQ0l3OE659xDE22Igb7ztm7quMLI=,0.9986607625831031
dWZhc29KY0JHdHdrMXgybTcQpm1jl6vKq3zkz95M8Vs=,1.0003024842764636
dWVMaER2STVGZFU4S01ZUnT3w1s2rzEd56Sgph7LLF0=,0.9977013259360036
dWRvbm1NYUtOdkhjSjk1Mgauc3lRGht+IoBJFKLVsvM=,0.9994927714435309
dWNYakd5OURRZTV0d0xzM3Yr+Vu6zGuLjSs4vOuJdzM=,0.9969224909856309
dVZxczI4N1V4SDVrY0NSM/UTfSTfnySQcdC6ieSCGHQ=,1.0044735824417412
dVZaTEh2d3h0Qk1Hemg4M3oPGdLR9Q9eDN1ZO7eW49A=,1.0005241330391719
dVVPSFFzSWFDb3IxNlBZTPEtecy8JeM9NoIaw1Yiy24=,1.0050858650881747
dVpXTjlBVmZzZ1FidHk0OBqvK3ePKNTC7br14Q9IzU0=,1.0047143834169876
dVh4ZE52MHpieUhFcGZTZR7h4nD9TymWPTvPhHVcG+g=,1.001079647735382
dUJzV3JrcDdseTFBVlo1WYuMBgcEbPKl6LIm4aVLsos=,1.0079338302909784
dUhZYjZOSUxtM3B6MnhBWoAbggYWHp3Hz4j9fLNkRxc=,0.9963790757013187
dUFTNmRJbkJFS3BvVkhrTio29RUPGYKp/VSoA2tClVw=,0.9984567088609599
dUdKWnJZUDJPN2FTUlhDYxUqccNSpfsPqSm/9cJSTgc=,1.0067912849251448
dTBZa3BoRHpYc0ZHVGRQWiSaFQQpI+N73ldagsj5pgE=,1.006586714796967
dnpHTDRwOTFvc0NIS1lNUcmfvQvDrHkiXOtGE51Gqe0=,1.0066818961250752
dnFGY3JXUjlLaFVJeUhETRWte93HuiJAeisnpTjSgrM=,0.9974355090142162
dndoeWFLek9yNEhFbVl4dfBEHP8I5uG0tf2nyolZnRw=,0.9990639578959187
dncxM3lHMDlEZVlCSEZMSW88eadvK8+Ga0yMCyECAv0=,0.9978426576625692
dmF6VWZ1eEVGaUk5TUxId+IEjOWoDU5sIamnD0jMqog=,0.9941177027625334
dmc5Q0Z0TnJ1UktWZnFISs/JsNqQ0bF2G6IAgkcke14=,0.9995617418151063
dlY3UkRHdTBGM0E2TnE0TIbBPpXDKRxuAo6iizQmpRs=,1.0053193089796417
dlY2alVhd2dQMFpoM1JDdfjo7+sy5EG/dw73krAS7MI=,0.9996489970991856
dks2ZjVPWjBDQTltM0xrSnR0vMWX0BmW7qVmTQ4JIQI=,1.005562287751891
dkNlSlBmdGMyR295TGExTtk4Ux240LQuXyIEMzz9giQ=,0.9935514926484448
dkNkdzJQS1RsR1ZiRGpxTGmC3BXJMW/nR3CS9h1LGzY=,0.9998473153380499
dklTenlkdDVBYjNHdUs2VUPu96Gho2Bt/fIoCi7HRz8=,0.9910666453030812
dkJESWE0Q3JwVG9mTnlKV65uwZ7fDTW66G9NoDAzGj4=,1.0005711535651876
dkFjR1dvcEVYQkpaS2VOT1DyyMIMcJwPkJimLBr+70U=,1.0030592284346849
djJwNzZJRXNHMFdoT3VRUpK8wAd84yS2vZwjOmsFUtg=,1.0044658297784759
djh4cWNBZVBqOW51SUYyTeRzyHOVNudkBWs5PQgsXOc=,1.0018456209991775
dHpmcVpnaVdVd3hzeTlCS8TAsOMD320lJnoDxvGupS4=,1.0074107922161641
dHNEODRDdUdmMTdlbFprQgxagbNg1j45SSxeU+b7/Rk=,0.9991632810372371
dGxFYnhSb2Q1UUluWDNlcbHUCIGwAsn9h9M7ACK6wzQ=,1.001349654114213
dFlTREpmeUJGeklwQ2NOTO1ohefPnVXt+NYdQye6aZ4=,1.0009411005563034
dFFkN0tUSWZneXFjTkJpWG6e9GwO7q4OxuwmU87vA1I=,0.9951373303822505
dFdjWEk1cGtRYVJQNGJPMKaOiII1XiEcJQPoMI1l3dY=,0.9964949789033448
dEtXekN3OTRGVXNTZzBycVRSMm2Sp3lRAjakMa2uLQI=,0.9989747006434233
dElKVXpPZEY1c1prTmJ1OU9V8WiTfRGSBjqRQKufplI=,0.9911878856560481
dEdmaUh1WHJiWXNJS3g3T50/ZjYCxTjPUfxqXrWShWY=,0.9999488878547145
dE1SMGIzb21pRW5aSnVrcifxgPU9XluMDtgNZ2ojDYk=,0.9967408992592972
dDc0eUtZTmpWeDhzYzBaa1afGHcngeXQhi8RaB/OZME=,0.9991781173650133
d3NIZzRUazhkeEpCMU5ibFSxLC3L3ttoqCCCntNd4ew=,1.002550080007479
d3hyM1BtOEo5TU8ydmRmUun05mYlE3duhAhv3teWg8s=,0.9959775011396473
d2w3c0ZrMnp4cU1FWDNDQaMVDHOQHz5Ang6u3uRT5TE=,1.0001623940593911
d2NXUXZxbWhrZUZ5TEhaaWzm+IsUye/nFP9/4RvbhiM=,0.99658677207312
d2lVcTdoNmRrVElGMkxXRd4d1qSucQtqaft8WdDccA0=,0.9954939126299914
d1VMU2gxUXBHdTNkZmpsZU5LQIxD73qruHR/lIVzm4w=,0.9968743270998829
d1ozczU0YThOUUtIa0JFbswxFSUmkUHem9cowHCGTek=,0.9917120693779611
d1FraU1MQ0FjbnVJSzFIcO83h4jw5w7dzMy7Cgvezdk=,1.0009890971841546
d0pUbUQwUkhsaXA0aDhFU7p6dxxw3FRAT7HpadekVQY=,0.9979971784432652
d0lyajIzRnF0SHY3eVprbu83T4B1BMH5OZz4mbekLo4=,0.9997565920380587
d096R1NhMVBBTDJRVkZxVYKx8FH6s1wpOeFABOZ+bt8=,0.9964773778003749
d010NGxSM0lDQjVVUVhxekBDz69afyxLIfTS0/gH1WM=,1.002686940166204
czZLSGoxWmV0RWdNZG5mY9/7+dDpDOnMUoZlkIAUCro=,1.0028039545976755
czFid3RXa0V4cmZub2dEOeUB9xmsN+QCbAxodc53wtw=,1.001585291709302
czF4ZkdldUh2Y1pLVzhpTlEA+pYAF4wTWYf+ErGoUzQ=,1.0003447547755955
czdIdEVJanpNdzVSQm5LMBlXpyIzs/7P3BEaXguGIX8=,0.9988011486290146
cXYwZER6Nm1lMk80Q0dJWgRT/mwJ0xPvu0L30C5gtAg=,1.0039784718771105
cXRzRmw3Uk52VW14WjhhTDe2o3wiLAVBpZI9SRXtgdw=,1.0059157346962622
cWxEc0ZlN0k4Unk0VXVIZsFWv2ovsNU5vbj04x1biH4=,1.0078172048611036
cWNpekwxNGRBVTdPMnlCSYfekNQY7u8VfY4gcOjssAY=,0.9965938595080935
cWd6RVFpNGszdFJqS3VXc1bXkt736JnPeWH+8diWV8c=,0.9980294424625956
cVUyd0NkU2hIZ28zYWN2ddOfiu4vtvm95tURN+fB9YY=,0.9984462589751572
cVBnbHgxblc5UTBPVWlyNRfpE3GleyzySq5lB6e+mVQ=,1.0059855091872825
cUI5a1UybklzakpNZmNMQ5Wt2Im+V8IkgbOyBBagRUo=,0.9980954042833352
cU9XZjJtc1pKQjBSeVVWZ3P/pcobfJuvO1zdfI4aEMM=,1.0040807393056077
cTJpZm9DZWg2MGxkYXpHSRxeP18uRotNBXDziYEziAw=,0.9874187723002809
cTdDMnNVR2JWcGl6ODRSZ2ggnY6jD+R3RRM4MCH76Ng=,1.0058137514493632
cnFpWkV3c25vOHhNYTdBWB2SYlaSomf0ZJN61xtjC8s=,0.9960710449324198
cmNGN3RMQXY5WVBEc0hHbTQDuUcIIK1I2alYF1OZ060=,0.9996413578778884
cmJnZDZOVExmdTU5dG9CYxbUTjy8I3G/jfTUQKu660A=,1.0048392111786753
clNtZU16Z0puWTNHWjlzWMJc+6+ijB5BB0nTkgCLYAY=,1.0047180085270282
clNOMEpjZFd4N0czUThEWdL2WnKKaDiNmkSALp+Mqj0=,0.9919236559846137
cktqZ292dzVsUmVRMUROWDaSxo6vpXbqxpH8cxcWwf4=,0.9998769138346592
ckJWc1RZbmZ1aDRjR0lSdzu2qWkV87IA9IBjBst+vZ8=,0.9993210681414407
ckhtQVRLdVNGd29pTlVDQsaKvmwhPYS/pYXraSwTaM8=,1.0082216760613458
ck1Yek9ZTmFLUjRmZDhpavfBRsJ5xDAAocvSOjNFLeE=,0.9979753815006985
cjhOc0x4bzdUekZ2V1AzZR2/2H5UPLkqkA+jJEMUJs8=,0.9948483197751534
cjhEY20yQU1WZ1NkcFAxQv7oLxToGsDRcHnnrtV3hvw=,0.9957972808621643
cHVEOWRsNFE4UjYxS012M1sLT/6sNEYXtgxgQmQmLY8=,0.9971511160829554
cHFVWVBiR2xDaFM4Wk5pWCqe3kROZb3V3FtkwhodGBA=,1.006423535618004
cGZDMUE0WldZMmdOcThWT3ChqggQpZtuc1+33/vhihU=,0.997757996173103
cGZab1JTVGUzaXRGQjhjdkVHFfpwZRgPxCO+ckVA9Oc=,1.0053877708729504
cGRqUmN4dzZsREZPTFVvSudO2BDFlyFIgHQqj7JdrjE=,1.001309629952134
cGFsSHRqdlFJTFp6VURiTf1cjWjJmpqreZrte2B5Lnc=,1.0034895640140624
cGdYczJZYVNuZFJMUU1JSjbbGua6ZDtPO3sIV0vp+NI=,1.0008006630709816
cFRYd0MxQklGTFlpWlNuYsa5DPXnJmtix06dqUy8gbk=,0.9967101130293665
cFpPMndNamVxYjdhMUtBY3L+xGbFOHrZsGoEGOA6oH4=,1.00027791648684
cFh2OEg0V01zdFRLaXhaR7aDgYv6D+rtgUMVoHguq9w=,0.9945760160403142
cFBITVJ3aEVpODY3SzJGdR0+oFipf6IaefQbGLuWtSk=,1.0051795251503728
cFA2aUtEV0Fibk8xZjJWSdIxMWHgtyx/ybZAiT7+tOw=,1.006911462489265
cEx0eElTUlRBUUUyWTVucewBhQCwH01kOSxKUr2VUXw=,0.9924477668954272
cEJMMnlSMXZENkkzV1gweCYYj2vZ67gFmOZeGl+49Nk=,1.0037494610198128
cE1RdkxHQ3VjZ1VhT1lyOIIJzvlvAKIgJkhRDLwLbMA=,1.0043771432625606
cDRtajNZYkxuSlE4RWg3aQVsEmgKdZwBH/sodI37yQo=,0.9973269315892348
cDR2bVBGTTdpQmNHVFFzeE2d3Gj3S1ElT0dYX1StqOM=,0.9941794108841281
c3VTWXk4cWxoZzlkUEdBTF2A77AnRJ7O/uFGb5rH8cI=,0.9955325368194416
c3pXSGQ5SXdSU2FwN1hvTOgN3IdBJak7a+gp2ty8AdI=,1.0023595646617742
c3IyOWRsRVAwaGJSQkZrbejtLE0kCswjs1IcIZK5Vok=,1.0003259209423183
c2R0eEpFbUJSWDZNZTl6RIotRP88sti/HZrqQ8MIMFk=,1.0041689441206694
c2o3WDQ1UlpxeTlLSm9XRtbAItZxNve20J+XSFF23vM=,1.000723004351057
c2NqVFJVMFNRNkc5SXV0M0++WammSZ4DoeD+hyPpKT0=,1.001607553298738
c2hrak85M2l6QWFFTmRNWb871vxSMvDwIVsEWgJ4YaU=,1.0047984179826417
c252TmhWZUFiRUQ4VXUwUYdN1mnUNNeJ6lwNUjND4ug=,1.0001804280252165
c1htN1NPNmRqSW5Xd0tQMMkcZhwx8G2pbmU9DqsC9hw=,1.0121793452772272
c1FZRGU4V2ZYU1p2TzJvQbl6jlcoDw9SVU/v/PmrWOg=,1.0014359353562197
c1BGM0JpYmw3WHFrclZZWghybs5rQIBIL7ZxvQHPihw=,1.0037422375464604
c0NZN2Y1VHpQdnVablJWUQ1Mzo0OR09i0H5t5N55ZAk=,0.9990910517023688
c0JpbldGa09VbTB2THF0bMioORp2Se8gkL9cRJ4dxEI=,0.9982143456562139
c0hVUzd2Vm1KMFB4OE5ocrhD7Z8htZ+LNKIrEVEmJqI=,1.0024323598793556
bXNRRTRVbHdxSjA5QUdibkkavIaRoR7Va9UKYxR0fUk=,1.0069810284805325
bXlSWFVLYndxZTlQU2phSXrkf97tkOfPIEYw8NHYD9I=,0.9945049682501401
bXJraUlwZXZod0hDUGI2NPZW1W4ynBh50Jex6c6PAU0=,1.0097734456846108
bXdoUkVTeWNINUJnekczYbaapbiNdIhX5KJZZC6XdMY=,0.9982776295983165
bXBYSERLbHNWbzI1WUxqYmqI8id6vRzQrzaeaOB8uHk=,0.9969534413142243
bWZOSGFNWjhLcEo2WTJSTJ9Fg00ycgMEgqA0SQhDuPs=,0.9983718485109873
bWJROHFFTXgwejVpR0RXQYqFMG9g0daP+YhCuKiNrkE=,1.0026845744261457
bWhVSW9Ea1oyczBsSjdjVlNt7hLbnmU1+jzN7QRgZbQ=,1.0021471437397065
bWdsWmVQd0hBb0Jxc05XM72DZxQFHkrO1QWlu5q08nE=,1.0015996799887372
bVY5VDJCaE5EclVBY0p3Zoru45x9mY9g2I+4DAwtPzM=,1.003292030365905
bUZrN3F3ZTFaSk9mb0s0aNfhebNnDUfxmYuZ/6afHR4=,1.002212714285938
bUZHamdDQWY5WU5PYmFvM4WJmW3cjnHGz22YD9Ot7BQ=,1.0057004313318225
bURHQWdrb1h5UHpwZU9hSgrQq7bj+OLrNhiAswZp8bk=,1.0030389204417685
bU9xY1lnMlp6QlFiTTFIUJNvWPO4jTWEUgYJR2JYljw=,1.01299663418649
bU05eU4zV3F0QzVQdnNaZXj/ucdAoOPdPWXYf3AIsKc=,0.997340583939928
bTNjUEFicmhGRE5rbzJ4am6ceYcKHGUR4DRT1OASjhc=,1.0005060608004261
bTlWekwyYlNQUUt0bHIxdQU+0S/nfz/N3FRX22GldM0=,0.9998021343835706
bTJWY2tsRWlhSXJnQ0oxWRtPZwm0xYiUt6WZnxH5fjY=,0.9916262388244609
bTBMdkVJMnFkalpOZnJVQ3rB/0tpW9WpeEOquEJOP2c=,0.9930489153567967
bnZVdG1wc09SYUJKaUFrRFw7/kPFmOEmo5Dyq/Kh29E=,1.0064868089917534
bnQyczg1TUNMQklXUHh5U94b2hD/Axafdty4sYg5t9g=,1.002114490427184
bnd2Z2NCb2VDaks0OW03QdHfR+K+4TCYGUftomXH4DU=,0.9990671296609884
bnBiclN5TkVINERPemFQdikK9qhy9k/tvMskBO858e4=,1.003637659695552
bmtzUHkzQkVkZmc0aWJDT+Uh2ZbIdlqs0lRxndcrnBQ=,0.9935480357965317
bmRHaWZyMlpnemxodjY5Y7ACMMv9Ve4yTFmCL8hkUu4=,1.0057065560180454
bmJhNE9UVzVoMGxxdXZpVh6uL9uIGCQdotAO9ZTkfV0=,0.9995330662912214
bmdQcGJpWXhOMDloZW9yWodQXf13WkICTMUxl/Db4AQ=,1.004715186304879
bllCZ09KTUtQOWpidDJGVEE19R4YFnxfFEpSkBbMMUA=,0.9974057047030798
blg5VGFpeFlCbVd1MHZ0Trl0Kq3hIliC23jHnLgJbJg=,0.9995031969017456
blF4eVkzSldJWGNkNm9hc1AG54rtBbLAN+v+UssMVt8=,1.0041359825902454
bldxZEp1c0xUakZidGtyUrmmEAoFcr2oufUNHME8GPM=,1.002765677010923
blA0RzZqN05idnBTSUJ1dKdDNV9eoDxGgkoY6M5BPlA=,0.9999389178303268
bkpDZDhqb09nMkdSNElldz6/rCnZOUMPQusYnRF+DE8=,1.0046127387672783
bHVyaGZiYXNqSFJjenYwU8g3m9xxz+IidNH4UFBWWWE=,0.9986516697669822
bHVOSXl6VDFCQ0UwdldlaoylE7yYGLrjOi9M2MEdtzw=,1.003622109278287
bHRia1pUU3ZENkpoanBjWQ6gY/XrqYbUa89yfQj9t7o=,1.0048983751632052
bHppZ3Rqbm9QbTVFVDRGS1INffsdfwZ/5t5nKauNx/4=,0.9988086658012326
bHdxYVJkdDM3WkNBaFgyOIjU0qafT6f08DVIcDByOQQ=,1.0043302413716906
bGZaQlJqbzY1SlM5V0xZdG2FOuyB/yn4W7GEcQbNYsE=,1.0048790057166657
bGJMVmc5ZG1KYWhaUXNYTU6d9GY2NKp/MyYWml78w5U=,0.9957645497239735
bGJJQUJkZTd1S3JDU3dpY9z0/1nPNyt9cXX8bzDs76A=,0.9998363504164749
bG9jcWdZWHlKMDc2a040RueIlbYK3V8kSMVN6s2fQbI=,1.0063457769640185
bFlub2taWGM2TU9mM3VxU6uSUPEjiEMHwLeFqwqYWBA=,0.9993802695687798
bEl2U3BRQjB5eDl0MnU0Vlc32isx4o1ttPYi9HZdSLc=,0.9974470163045827
bEFKZmJhVENqc2dyRHV4UJreweIxI21XPmOXs2W/3pQ=,1.0028386452258853
bDlKSVd3MW5NdDhpY3FRRLN+0IaRhkmT2QVjmN4ARf0=,0.9979542028800792
b3RiY3I3Z0ZSc0xNeFlWbg8IfH+Zt2+fAY1RxEj/nl0=,1.0082310160728842
b3pSUUNkdElYdlpEYmxVNz0YafjzhRj5XwS30CxSePU=,0.9968938259074565
b3hOdXAzOVc1RkFRMkxVY7v5wFSOf9ybxg3Q/SnkLK8=,1.0029037625116577
b3BXNjAxVVlxdWVDQlE3am1Zw4CkdhXTobVXNRHNIUY=,0.9997647961457752
b3BKazhUWFBhNzBORnZPTO+dWRSbLcJTrnxXdzKs1CE=,0.9947732269309418
b2Q4SkVxbTV6WWl0bGo5Z8cMf/EZit+iPkfdB2MGv9A=,0.9973537238832006
b2oxcmhLVGQwTDI4Vkh4ZtWjtNEHffJYDxejT/iU2k4=,1.0077075159575262
b2FWT1A5QUZlbWJsNHZ0Ram9cI8HLfTkYpGBhCJxWRo=,1.0029805498286428
b2daUGNFSWhEVWxteU5LdQxZbhh6iKplejxI1Q8q7Hg=,1.0035852453351528
b1N3MFBaS1JkZVQ1dUEzSsM+RTP80x99D7VIeobfOes=,1.0045223213677852
b1AybDNDWGdIZXNXeGNGMdndpgZXmkcfluljp9Wnypg=,1.0042806669239823
b0ZNM1FUY0RmMmt6MEh3QzZSY+8KmrfSIYpUjVAk+iA=,0.9979355682004022
b0tjZlRPQWx3UEdrcURabQ5c/1+btl8TWe5EYl7Vw6g=,1.0023795425967699
b0RrNlFQdHhFVVp1ZlRsbmcLa+ksMBzSyXnkTloYjUc=,0.9950348871944349
b0FyQ1c2ZVhrYnhMMERKN/NXikTSvpF2Wi97PG8zuJQ=,1.0060227808506863
b0dXckUxRnA2MnRiQklkN0h8G2ZOiPaPLDMvFA0rxyE=,0.997555924378367
azZlUGp1QmIwOWM3SUtycTlH+e4c4ZdNuBgp+/NiIkk=,1.0024990559960125
azZKU1B5QWlNNTNHQ3o3Z7bIcCh13i4/THnJcJjfEb4=,0.9943590058704209
azhadEZKTzNxRzRoc253RVIrWibh45x71pv338vKooc=,0.9960197499569973
aXZRaDVCMGFNRXBDNElLa6p6lYUr6p2ZNaxW9fs3sZY=,0.997028957340332
aXJCYlc2dGdjRkpvN3N5U/2he+Ay88cQTPQmhBppU9I=,0.9989608884683752
aXhYRnkxQ0JUYld2U1JRSnb9oBHjadxrx+xoeattwJI=,0.9945131873539181
aWZXSEduWnZ4OWp6bWdwMY1mxaupSwNR1hY6vT9CFTM=,0.9995513256170702
aWVjcXNya2pRVHo1TzNhVaeym5YFpNBytP8xbt/sHTM=,0.9950764329231606
aWVGMXZMeENoc1BEY3JObUJiBm9gP6regEzpzg4uEcs=,1.0009807392900785
aWtiZG11MVdMRXpRSE5LTz9wC6/KhiHGfpjOdOJOf8U=,1.0052383857847607
aWFDdGx6dzI2SzlQaFNOMJnE+BscxZmnT84CrKK8wac=,0.999397054724543
aW5jbEZVTmZUb1g5ZDVXU543PnrMexccT/9tG05N930=,0.9956586662110476
aVF5UnI5SnFubUc1SGZiVXtxM4BeWDj7DKgGmBE17vw=,1.000324402237223
aUN4RGFMOVhwaG8xUXlSWSB14lQsQk/gT2E12KZ1Qio=,1.0028706337723516
aUdQc1lKeFNYbzQwdWhRSF++u6oLZ/Ki1SDaQDOxcg8=,0.9990122679367789
aTVucFdCd1FTUlhFMzZmTdZ7sxWmwImkQ/VBhO1y90g=,1.002247409586221
anZBRUpyazAxdElWUkZjb1yTuZYB0rVXAd2jNWEnkZ8=,0.9956065188499931
anltZmFldUNOY0xyVWlGStH3r1+OkJu+GuBRql11+qI=,1.0004625157026903
anllaHdkU09aNW84dUpuMV38U9VNziS2q2HNjBv76Cc=,0.9957114366158111
amZtRTRxYU1aZVUzeEFpd1ra4LPHam2/U4rkrgyX2TE=,1.0051419547076008
am92NExQT25wbUd5YVVaUZgzVvENPLaRkKzwPVZ9fyw=,1.00085390103066
am91MnJaRmtJWWJhaHluV0HhgM7U/tFJjY8uJcDpxE4=,0.9973677460915445
am5kR0FnMjRUUEVvUkhTdExqNMp46h6NEjqo46VX3vs=,0.9999624829355682
alVUbm1jdEVCaWdINUowSRLe1mgnhlKpq7rOpUnIJJA=,0.9920930370769883
alJPcHJOWnhlOGF0a0hmWVC6FVDi5Nbs+PExa9xwfDU=,0.9989289539010027
alhjcmZsUVA2d1JvT016Tka5G6oHoXE1wN2qvcaFpzA=,1.000066845661024
alBiRDRPclF2dWFYSEtVNelAxDt6zvqUWnHCqVfIyZM=,0.9958992146261906
akZvekh1M3JPZjVjYVhNZ7IZ5BTywGeUGQydvhXfFGI=,0.9957484481643828
ajV6UFRleTcwbzFDbHV4RSnTZvM8LOkL1klHKqbXVWQ=,0.9968709460756066
ajhlRnZkMW94WWhURVN1dG9HlkdLfr2HCM9m9BCdl0o=,0.9940586732250802
aHRVU0dKUG5DMWo2eVRWQqDLcMB6n97MBc39eypCQqw=,0.9968152789042517
aGxrYlFVZ3EzWThWMnhCOVbmMwawIAOuf6OK5IvqYFo=,1.0039354489017154
aGRNeFg3ejBRRkVzeWFrcRYk7h+tBln0ZaZzhckZueA=,0.999789981438751
aGM5SzBibXhRNHVZWEM2UI7T4LojavBanWP0nUnQv/4=,1.003476437674682
aG54cTA3Z2p5WGJCOEZsT3mKlECBg3V9V9wMQX82jNU=,0.9933830002308405
aFRrck1GWkE4UHhKN1EzWMcB08VVkKAO+baup6VXwOE=,0.9969467618681656
aFNrN0FLejNDRnBUeHVjWCsYfV9Dlta3pmSeQTwGmhs=,1.0002922445314284
aFE3Wnp5a2UyQU9ESDVWauh+dJ+bd5+NcZCWtDDDwy4=,1.0049680622738446
aEV3VlBmZ3J6NDhpR1JJc5eEEoVN0zDDmalYeXZebJw=,1.0068688649420747
aEJLYkRWeDB6d0d5VTJxaeE3TVryjWIUU9bXKxqSNfg=,1.0083534548941615
aE9wajBFRjZrSmdZeTlJUVWCCODwx47aM88aQFaIOnw=,1.0025617001123448
aDYzck9Jb3Z5blZNTmdVUklxto5RzGiOhEurJo4yYlc=,1.0060641441412694
aDgyM01PdWl5STlqMWxGNkqKmdFjif6x+wXogEAwb24=,0.9955523004795905
a3FhVHNRWTBWTG9DVTJYaEEFesw2rdrZ+BzKm7VUkfs=,1.0015282342193503
a3c1WG9FUzgwRldhTk8yUvMnlqZ6NU49tcVvAf+Jch4=,1.0002120315797072
a2xoMDlJZXpjajRFaWczVDnZB/vSsI8z88iVWOv5OOg=,0.9978595935518955
a2VaVzk0eFltREhOaFBKcufiSbsrd9lZlkhWnUyl0z4=,1.003836157010544
a2JhbjV2ZUVJWU5IbGdxV1JQYu3f79Zu9Df3I1NnnHw=,0.9985068922176601
a2g0QlkzNTE5bWJpVEY4ZAXwqjBcI/a9lMRTPkyb1jo=,1.0014778482652897
a29lcWRZTXhESkNPcHRRR0EiFlKZNdQqkmZfW3NzjY4=,0.9994096268211218
a1pHbGlySGd6MVd1WFBJQrEWnvj4CYxqKRMCRy3GEOk=,1.0043122113724265
a1JISkFzMjRDS2Q1RXl1cen1e4jiXCIr4dbUMKQ0HP0=,0.9976821475075675
a1hoRDBtYnR3bFFMV0VIas9gsq0KFmavOv59M6byhSk=,0.9974887265881179
a1haMDRWUVRKRnAxUGEzbI8CUZNbydxwESqxe9nE1MQ=,1.0010608825454306
a0pYeTE0TjVSaG5JNzlaVlDkvgNnFtmjXwFi0g10sWo=,0.995196265291883
a0NGc1RXWVh6YklSbE02ajOtLmhgPZ2B4RDg9WcQE34=,1.0047084558376616
a0M3bUk2VWJwWWNQaGZUQrc/o3+mon4h7Xh8XuLG7/4=,1.0051356859117777
a0JyY2lqV1hMNm9JbTB0UV+3bSZqDUHQv2V9ozgbUhY=,1.00071039570807
a0JxN2JWMk9LZVRRU3Z6WSyAh4bEh0nECOcUTy/I4ys=,1.0032211174085206
a0hwdERoNEUxOFlTemd4Mq2M0TqA9Ky6aAvP6YQ4+lg=,1.0101167643884124
a0dhdHZ4bVh3amI1U2RIMY+7qV9PhFtvwhPdE6Sv7i4=,1.0011560240390467
